# Created with FME Version: FME(R) 2024.2.2.0 20250114 - Build 24820 - linux-x64
# COORDINATE_SYSTEM:  OGC_DEF PROJCS["_AZMED_Amersfoort-RD-2008_4.493600470682538_51.909737633090394",GEOGCS["Amersfoort",DATUM["Amersfoort",SPHEROID["Bessel 1841",6377397.155,299.1528128,AUTHORITY["EPSG","7004"]],AUTHORITY["EPSG","6289"]],PRIMEM["Greenwich",0,AUTHORITY["EPSG","8901"]],UNIT["degree",0.0174532925199433,AUTHORITY["EPSG","9122"]],AUTHORITY["EPSG","4289"]],PROJECTION["Azimuthal_Equidistant"],PARAMETER["latitude_of_center",51.9097376330904],PARAMETER["longitude_of_center",4.49360047068254],PARAMETER["false_easting",0],PARAMETER["false_northing",0],UNIT["METER",1]]
# Number of Geometry Coordinates  : 1683
# Number of Texture  Coordinates  : 0
# Number of Normal   Coordinates  : 0
v 36.052303 -7.418573 1.708523
v 37.386130 -5.477069 9.091227
v 36.052303 -7.418573 9.091227
v 37.386130 -5.477069 1.708523
v 29.232246 17.576917 16.968745
v 29.232246 17.576917 13.461763
v 29.419172 19.853832 16.662616
v 29.419172 19.853832 9.334649
v 29.232246 17.576917 9.334649
v 11.735286 10.044779 13.416805
v 11.735286 10.044779 15.858926
v 2.046830 23.694497 13.751104
v 2.046830 23.694497 13.416805
v 7.934039 35.532572 14.985344
v 10.164075 33.992523 3.995434
v 7.934039 35.532572 3.995434
v 10.164075 33.992523 15.466805
v 27.958951 2.067084 14.855908
v 27.958951 2.067084 18.997372
v 2.046830 23.694497 1.708523
v 0.232897 22.449010 13.416805
v 0.232897 22.449010 1.708523
v 27.531234 -1.643833 19.271047
v 27.531234 -1.643833 9.091227
v 27.758455 -0.375132 9.091227
v 27.758455 -0.375132 19.316805
v 25.981869 -0.593827 13.416805
v 25.981869 -0.593827 18.936588
v 27.958951 2.067084 9.091227
v 29.484530 20.649939 3.995434
v 29.484530 20.649939 9.334649
v 29.484530 20.649939 16.566805
v 8.284974 34.403730 1.708523
v 1.480614 24.518648 3.995434
v 8.284974 34.403730 3.995434
v 1.480614 24.518648 1.708523
v 1.480614 24.518648 13.627857
v 0.970417 25.260476 13.516805
v 0.970417 25.260476 3.995434
v 29.419172 19.853832 1.708523
v 29.419172 19.853832 3.995434
v -24.719498 -10.203672 108.766805
v -21.952053 -6.164488 41.695434
v -24.719498 -10.203672 41.695434
v -21.952053 -6.164488 108.766805
v 11.748739 -35.290425 1.708523
v 16.637592 -28.231300 108.766805
v 11.748739 -35.290425 108.766805
v 16.637592 -28.231300 1.708523
v -15.834978 2.763596 1.708523
v -21.952053 -6.164488 1.708523
v -15.834978 2.763596 45.066805
v -15.834978 2.763596 108.766805
v -12.761674 -18.463560 1.708523
v -12.761674 -18.463560 108.766805
v 20.525299 -22.553684 1.708523
v 20.525299 -22.553684 44.916805
v 19.215639 -24.466062 1.708523
v 19.215639 -24.466062 108.766805
v 20.525299 -22.553684 108.766805
v -21.422740 -13.516404 1.708523
v -13.253020 -19.172703 108.766805
v -21.422740 -13.516404 108.766805
v -13.253020 -19.172703 1.708523
v -24.719498 -10.203672 1.708523
v -20.974369 -12.809790 1.708523
v -20.974369 -12.809790 108.766805
v -21.233396 -13.217033 108.766805
v -21.233396 -13.217033 1.708523
v 10.377287 -15.487730 108.766805
v 10.377287 -15.487730 44.916805
v -2.546628 -6.488942 45.066805
v -2.546628 -6.488942 108.766805
v -23.878697 -4.844448 41.695434
v -23.878697 -4.844448 1.708523
v -26.636562 -8.869648 41.695434
v -26.636562 -8.869648 1.708523
v 44.375446 4.696504 1.708523
v 44.375446 4.696504 15.542226
v 37.386130 -5.477069 16.106214
v 45.746985 3.530211 1.708523
v 45.746985 3.530211 15.730628
v 47.220354 5.329015 1.708523
v 47.220354 5.329015 9.334649
v 45.899594 3.401070 1.708523
v 45.899594 3.401070 15.751531
v 47.220354 5.329015 15.644439
v 46.821808 5.600381 9.334649
v 46.821808 5.600381 15.596080
v 24.514503 -25.288998 44.916805
v 24.514503 -25.288998 1.708523
v 27.531234 -1.643833 44.916805
v 28.186174 -2.087687 44.916805
v 28.186174 -2.087687 9.091227
v 37.184434 -8.066738 1.708523
v 36.052303 -7.418573 44.916805
v 37.184434 -8.066738 44.916805
v 24.787572 -2.398646 13.416805
v 24.787572 -2.398646 44.916805
v 25.981869 -0.593827 44.916805
v 25.062197 -25.664313 44.916805
v 25.062197 -25.664313 1.708523
v 48.251691 6.834483 9.334649
v 48.251691 6.834483 1.708523
v 47.691198 7.274650 9.334649
v 47.691198 7.274650 1.708523
v 31.186823 19.474346 9.334649
v 31.089284 18.704038 3.995434
v 31.186823 19.474346 3.995434
v 31.089284 18.704038 9.334649
v 31.089284 18.704038 1.708523
v -11.765708 8.979557 1.708523
v -11.765708 8.979557 7.470434
v -11.765708 8.979557 45.066805
v -9.720976 9.361841 7.470434
v -10.509573 8.157229 45.066805
v -9.720976 9.361841 45.066805
v -10.509573 8.157229 7.470434
v -10.653694 10.678201 1.708523
v -10.653694 10.678201 7.470434
v -4.241206 28.828870 1.708523
v -17.070671 20.021826 162.066805
v -4.241206 28.828870 162.066805
v -17.070671 20.021826 1.708523
v 25.407611 -2.825930 162.066805
v 17.080285 -15.406310 44.916805
v 25.407611 -2.825930 44.916805
v 17.080285 -15.406310 162.066805
v 14.293147 -5.472527 164.800473
v 11.289797 -9.826755 162.066805
v 14.293147 -5.472527 162.066805
v 11.289797 -9.826755 164.800473
v -10.653694 10.678201 162.066805
v -9.720976 9.361841 162.066805
v 24.787572 -2.398646 162.066805
v 10.279598 7.599158 162.066805
v 10.279598 7.599158 13.416805
v 12.332804 -12.486818 44.916805
v 12.332804 -12.486818 162.066805
v 10.377287 -15.487730 162.066805
v -0.522139 -3.620631 162.066805
v -0.522139 -3.620631 45.066805
v 5.147363 0.835820 164.800473
v 5.147363 0.835820 162.066805
v 0.232897 22.449010 162.066805
v -2.546628 -6.488942 162.066805
v -16.305752 18.655044 1.708523
v -16.305752 18.655044 162.066805
v -17.180464 19.922462 1.708523
v -17.180464 19.922462 162.066805
v 2.144014 -3.518408 162.066805
v 2.144014 -3.518408 164.800473
v 27.531234 -1.643833 1.708523
v 27.758455 -0.375132 1.708523
v 28.186174 -2.087687 1.708523
v 27.958951 2.067084 1.708523
v 25.981869 -0.593827 1.708523
v 10.279598 7.599158 1.708523
v 29.232246 17.576917 1.708523
v 24.787572 -2.398646 1.708523
v -2.546628 -6.488942 1.708523
v 10.377287 -15.487730 1.708523
v 46.821808 5.600381 1.708523
v 17.080285 -15.406310 1.708523
v 12.332804 -12.486818 1.708523
v 25.407611 -2.825930 1.708523
v -0.522139 -3.620631 1.708523
v -9.720976 9.361841 1.708523
v -41.479212 1.170946 13.789188
v -40.370542 2.104714 13.789188
v -40.299067 1.985577 13.789188
v -47.138513 20.208250 13.789188
v -48.196641 24.461579 13.789188
v -39.286320 11.529371 13.789188
v -44.831370 -1.130610 13.789188
v -42.157939 1.872696 13.789188
v -41.871633 2.176260 13.789188
v -40.524286 3.138968 13.789188
v -39.667129 11.265649 13.789188
v -47.167894 20.084264 13.789188
v -47.296458 20.392082 13.789188
v -48.632331 24.106170 13.789188
v -45.981433 6.503313 13.789188
v -42.203376 2.113722 13.789188
v -41.488375 9.639019 13.789188
v -45.257869 6.911514 13.789188
v -47.549481 20.174688 13.789188
v -45.338532 7.082320 13.789188
v -41.537472 9.971462 13.789188
v -47.264540 20.001227 13.789188
v -41.826195 1.935234 13.789188
v -47.187620 20.325825 13.789188
v -42.219814 1.985826 13.789188
v -42.041384 1.817541 13.789188
v -41.988187 2.231415 13.789188
v -41.809757 2.063129 13.789188
v -47.423454 20.381711 13.789188
v -45.457463 6.709861 13.789188
v -45.286237 6.812468 13.789188
v -45.280592 7.012005 13.789188
v -47.520100 20.298674 13.789188
v -47.500374 20.057113 13.789188
v -45.421016 7.121021 13.789188
v -47.391536 19.990856 13.789188
v -41.914669 1.841428 13.789188
v -42.114902 2.207528 13.789188
v -45.558182 6.731551 13.789188
v -45.358713 6.739244 13.789188
v -45.651625 7.010441 13.789188
v -45.512126 7.120636 13.789188
v -45.604575 6.762985 13.789188
v -45.594281 7.081242 13.789188
v -45.669308 6.959439 13.789188
v -45.639741 6.803938 13.789188
v -45.673241 6.905603 13.789188
v -45.663158 6.852574 13.789188
v -40.370542 2.104714 3.161133
v -40.299067 1.985577 3.161133
v -47.167894 20.084264 3.161133
v -47.138513 20.208250 3.161133
v -47.391536 19.990856 3.161133
v -47.264540 20.001227 3.161133
v -47.520100 20.298674 3.161133
v -47.549481 20.174688 3.161133
v -47.296458 20.392082 3.161133
v -47.423454 20.381711 3.161133
v -47.500374 20.057113 3.161133
v -45.280592 7.012005 3.161133
v -45.338532 7.082320 3.161133
v -47.187620 20.325825 3.161133
v -45.512126 7.120636 3.161133
v -45.594281 7.081242 3.161133
v -45.669308 6.959439 3.161133
v -45.673241 6.905603 3.161133
v -45.286237 6.812468 3.161133
v -45.257869 6.911514 3.161133
v -41.988187 2.231415 3.161133
v -42.114902 2.207528 3.161133
v -42.041384 1.817541 3.161133
v -41.914669 1.841428 3.161133
v -45.604575 6.762985 3.161133
v -45.558182 6.731551 3.161133
v -45.457463 6.709861 3.161133
v -41.826195 1.935234 3.161133
v -42.203376 2.113722 3.161133
v -42.219814 1.985826 3.161133
v -45.663158 6.852574 3.161133
v -45.639741 6.803938 3.161133
v -45.358713 6.739244 3.161133
v -41.871633 2.176260 3.161133
v -42.157939 1.872696 3.161133
v -39.667129 11.265649 3.161133
v -41.537472 9.971462 3.161133
v -39.286320 11.529371 3.161133
v -45.981433 6.503313 20.639188
v -48.632331 24.106170 20.639188
v -44.831370 -1.130610 20.639188
v -48.196641 24.461579 20.639188
v -45.421016 7.121021 3.161133
v -45.651625 7.010441 3.161133
v -41.809757 2.063129 3.161133
v -40.524286 3.138968 3.161133
v -41.488375 9.639019 3.161133
v -41.479212 1.170946 20.639188
v -40.299067 1.985577 20.639188
v -37.377594 4.012797 20.639188
v -37.377594 4.012797 3.161133
v -35.558857 5.274345 20.639188
v -35.558857 5.274345 3.161133
v -35.122553 5.579754 20.639188
v -35.122553 5.579754 3.161133
v -39.286320 11.529371 20.639188
v -52.485391 33.710430 0.000000
v -52.671398 33.618164 0.000000
v -50.328229 27.501351 0.000000
v -52.136339 33.883571 0.000000
v -51.790697 34.055021 0.000000
v 6.501519 31.782677 0.000000
v 7.787855 33.554728 0.908542
v 7.787855 33.647993 0.000000
v 7.787854 34.142297 0.000000
v -4.244903 28.788737 0.000000
v 7.787830 44.261537 0.000000
v 1.329156 45.452716 0.000000
v 7.787827 45.532172 0.000000
v -22.791417 45.155976 0.000000
v -42.749770 38.539624 0.000000
v -31.621472 44.059633 0.000000
v -30.940509 44.366298 0.000000
v -27.300522 45.100503 0.000000
v -30.238563 44.621285 0.000000
v -28.787471 44.970838 0.000000
v -28.046419 45.063453 0.000000
v -29.519547 44.823174 0.000000
v 0.242876 22.260249 0.000000
v 7.787895 16.795028 1.190245
v 7.787895 16.804355 1.188881
v 7.787895 16.813681 1.187516
v 0.254413 22.260250 0.000000
v 7.787895 16.823008 1.186152
v 0.265950 22.269576 0.000000
v 7.787895 16.832334 1.184788
v 0.277486 22.269576 0.000000
v 7.787895 16.841661 1.183424
v 7.787892 18.007472 3.730116
v 7.787886 20.870704 3.730116
v 1.684964 22.875816 3.730116
v 0.294791 22.278903 0.000000
v 3.663506 24.899690 3.730116
v 7.787877 24.591973 3.730116
v 7.787873 26.177476 3.730116
v 7.787866 28.947443 3.730116
v 7.614816 28.947440 3.730116
v 7.787863 30.215845 3.730116
v 7.787856 33.200322 3.730116
v 7.078353 31.941236 3.730116
v 7.787856 33.377525 3.430224
v 6.726485 31.847966 2.838853
v 0.231339 22.260249 0.000000
v 7.787946 -4.478692 3.661907
v -16.300861 -18.851093 3.560048
v 7.787969 -14.084974 3.661452
v 7.787999 -26.880916 3.726478
v 7.788000 -27.263302 3.782864
v 3.323253 -29.110008 4.240091
v 7.788000 -27.449831 3.730116
v 4.338495 -30.098602 3.730116
v 7.788002 -28.205277 3.823789
v 5.382585 -33.586694 4.260099
v 7.788013 -32.728624 4.213034
v 7.788013 -32.849868 4.218719
v 7.788014 -33.148315 4.221220
v 7.788036 -42.288273 3.629849
v 2.616047 -45.404180 3.572880
v 0.998135 -45.424084 3.616835
v 7.788043 -45.340552 3.630126
v 7.788036 -42.288273 3.632350
v 2.616047 -45.404180 3.573595
v 3.484683 27.128718 1.021769
v 3.282791 27.110063 0.000000
v 3.213572 26.737002 0.868981
v 2.809788 26.149428 0.642982
v -27.208770 10.863008 2.077870
v -27.427967 10.890986 0.000000
v -27.843292 10.415332 2.253394
v -26.562711 11.310684 1.898935
v -34.453868 5.826657 4.086848
v -34.678835 5.854636 0.000000
v -34.649994 5.686759 4.141415
v -35.036475 5.602818 0.000000
v -34.926877 5.500228 4.218491
v -10.866970 24.246663 0.000000
v -10.492027 24.321279 0.000000
v -4.850579 28.191834 0.000000
v -10.630467 24.228013 0.000000
v -11.345743 23.733701 0.000000
v -35.042245 5.416289 4.250095
v -58.608633 22.065993 0.000000
v -58.604961 21.767531 0.000000
v -58.473196 21.858811 0.000000
v -57.607939 22.269178 1.660204
v -55.214056 23.929296 1.904846
v -58.063642 21.961403 1.613822
v -58.294378 21.793526 1.589949
v -58.604803 21.754711 0.123745
v -58.594335 21.588343 1.598816
v -58.602685 21.582570 1.599597
v -58.604803 21.754711 0.123745
v -53.448926 25.337599 0.000000
v -58.636524 24.333142 0.000000
v -56.860012 30.146952 0.000000
v -57.274430 29.495732 0.000000
v -58.616157 25.104798 0.000000
v -57.637396 28.814486 0.000000
v -58.536345 25.872585 0.000000
v -57.946747 28.107274 0.000000
v -58.397564 26.631929 0.000000
v -58.200640 27.378307 0.000000
v -56.784551 30.254486 0.000000
v -56.629424 30.466532 0.000000
v -56.707684 30.361018 0.000000
v -52.127967 26.065068 2.219744
v -51.603044 26.428802 2.273629
v -53.247034 25.290967 2.105380
v -53.362402 25.216355 2.094012
v -43.919669 18.249495 0.000000
v -43.954280 18.034986 2.213378
v -43.729317 17.708559 2.076960
v -44.133097 18.286800 2.318419
v -44.606097 18.967632 2.605579
v -45.142546 20.012197 0.000000
v -41.843082 15.237048 0.000000
v -42.235329 15.544820 1.173420
v -42.056511 15.293006 1.068833
v -40.049140 12.644292 0.000000
v -40.124130 12.495067 0.139601
v -38.739737 10.499205 1.305518
v -38.434014 10.322004 0.000000
v -38.509004 10.163453 1.498549
v -37.730282 9.044278 2.155855
v -38.653212 10.368635 1.378956
v -37.366877 8.783138 0.000000
v -37.459171 8.652567 2.385492
v -37.257280 8.354121 2.556923
v -37.614916 8.876402 2.252712
v -36.397800 7.374844 0.000000
v -36.472790 7.225620 3.218549
v -36.265130 6.927173 3.391345
v -36.593924 7.393496 3.116463
v -36.749669 7.626657 2.982546
v -35.665223 6.320954 0.000000
v -35.872884 6.358259 3.721476
v -35.619078 5.994528 3.935879
v -35.399881 5.938570 0.000000
v -35.567164 5.919916 3.980215
v -34.355804 6.078473 0.000000
v -34.148143 6.041168 4.003179
v -33.115601 6.749988 3.716929
v -34.211596 5.994536 4.021140
v -32.931011 7.067089 0.000000
v -32.757960 7.001805 3.617571
v -32.463772 7.206990 3.535038
v -30.883232 8.484728 0.000000
v -30.640960 8.475403 3.030065
v -30.635192 8.475404 3.028701
v -31.015906 8.214259 3.133743
v -29.994900 9.109609 0.000000
v -29.539198 9.240183 2.724262
v -29.816081 9.044325 2.801566
v -30.046816 8.885773 2.864090
v -26.470416 11.553174 0.000000
v -26.239681 11.534522 1.808217
v -24.976405 12.597751 0.000000
v -24.762975 12.560447 1.488545
v -23.730435 13.278595 1.308701
v -25.068699 12.345936 1.542203
v -22.467160 14.332498 0.000000
v -22.097984 14.407113 1.024042
v -21.059677 15.134588 0.843289
v -22.363330 14.229908 1.069970
v -22.542149 14.099335 1.101119
v -22.986314 13.791558 1.178649
v -19.819476 16.179165 0.000000
v -19.790634 16.011289 0.622065
v -19.173418 16.440312 0.514522
v -20.073285 15.815430 0.671403
v -18.521592 17.083846 0.000000
v -18.440835 16.953276 0.386744
v -18.227406 17.102501 0.349684
v -18.654265 16.804050 0.423350
v -17.160257 18.025834 0.000000
v -17.212173 17.801997 0.172568
v -16.992975 17.960550 0.134599
v -16.837225 19.387504 0.000000
v -16.583418 19.284915 0.000000
v -16.791078 19.583361 0.000000
v -12.989725 22.782383 0.000000
v -12.764760 22.754406 0.000000
v -13.185850 22.474607 0.000000
v -16.658404 20.086992 0.000000
v -2.560545 26.391849 0.000000
v -2.716290 26.354541 0.000000
v -2.352884 25.832262 0.000000
v -2.797047 26.466458 0.000000
v -2.168297 25.822938 0.000000
v -2.225980 25.655061 0.000000
v -2.006783 25.337963 0.000000
v -2.347116 25.822936 0.000000
v -1.129993 24.349366 0.000000
v -1.193445 24.181488 0.000000
v -0.789660 23.603251 0.000000
v -1.303044 24.340037 0.000000
v -1.476094 24.582524 0.000000
v -0.524316 23.491336 0.000000
v -0.662756 23.416723 0.000000
v -0.362801 22.987708 0.000000
v 0.900468 22.866479 0.000000
v 0.312096 22.288230 0.000000
v 1.160044 22.866483 1.739326
v -0.103226 22.885120 0.000000
v -0.264739 22.857138 0.000000
v 0.104436 22.325533 0.000000
v 1.229264 23.099646 0.000000
v 1.188885 22.885136 1.799805
v 1.385009 23.025036 2.196553
v 2.440614 25.878955 0.000000
v 2.625201 25.888284 0.541806
v 2.515603 25.720406 0.477917
v 1.661889 24.479972 0.000000
v 3.853856 27.930801 0.000000
v 4.171115 28.135988 1.407831
v 4.759485 28.984707 1.737053
v 4.021138 27.912151 1.323934
v 4.863314 29.404400 0.000000
v 5.053670 29.413729 1.901436
v 5.399770 29.917364 2.095376
v 4.944072 29.245851 1.838229
v 6.570740 31.614802 2.749500
v -56.160206 31.044451 0.000000
v -53.895879 32.962189 0.000000
v -54.513997 32.547398 0.000000
v -55.649306 31.585865 0.000000
v -55.099555 32.087774 0.000000
v -53.781042 33.032136 0.000000
v -53.548601 33.167367 0.000000
v -53.665276 33.100533 0.000000
v -53.431451 33.232400 0.000000
v -53.194591 33.357728 0.000000
v -53.313441 33.295857 0.000000
v -53.156679 33.377040 0.000000
v -52.838495 33.535278 0.000000
v -53.080610 33.415181 0.000000
v -53.118685 33.396192 0.000000
v -35.123001 5.537532 0.000000
v -35.053782 5.406962 4.250095
v -35.065318 5.406962 4.250095
v -35.076855 5.397635 4.250095
v -35.088392 5.397635 4.250095
v -35.099929 5.397635 4.250095
v -35.111465 5.388309 4.250095
v -35.128771 5.388309 4.250095
v -35.140307 5.388309 4.250095
v -35.151844 5.397635 4.250095
v -35.163381 5.397635 4.250095
v -35.174917 5.397635 4.250095
v -35.192222 5.406961 4.250095
v -35.203759 5.416288 4.250095
v -35.209528 5.416288 4.250095
v -35.221064 5.425614 4.250095
v -35.232601 5.434940 4.250095
v -35.238369 5.444267 4.250095
v -16.306538 18.613410 0.000000
v -16.185403 18.697350 0.000000
v -16.289233 18.855899 0.000000
v -16.179634 18.688023 0.000000
v -16.173866 18.678697 0.000000
v -16.168098 18.669370 0.000000
v -16.162329 18.650718 0.000000
v -16.162329 18.641391 0.000000
v -16.156561 18.632065 0.000000
v -16.156561 18.613412 0.000000
v -16.156561 18.604085 0.000000
v -16.162329 18.585432 0.000000
v -16.162329 18.576106 0.000000
v -16.168098 18.566779 0.000000
v -16.173866 18.548126 0.000000
v -16.179635 18.538799 0.000000
v -16.185403 18.529473 0.000000
v -16.196940 18.520146 0.000000
v -16.202708 18.510820 0.000000
v -16.214245 18.501493 0.000000
v -16.289234 18.445534 0.011596
v -17.183325 19.881805 0.000000
v -16.987201 19.863153 0.000000
v -17.073726 19.984397 0.000000
v -16.906444 19.919113 0.000000
v -16.981433 19.863153 0.000000
v -4.279513 28.583553 0.000000
v 0.231339 22.409473 0.000000
v 0.306328 22.278903 0.000000
v 0.214034 22.260249 0.000000
v 0.202498 22.260249 0.000000
v 0.190961 22.269575 0.000000
v 0.179424 22.269575 0.000000
v 0.167888 22.278901 0.000000
v 0.156351 22.278901 0.000000
v 0.144814 22.288228 0.000000
v 0.133277 22.297554 0.000000
v 0.121741 22.306880 0.000000
v 0.115972 22.316207 0.000000
v 2.042601 23.659246 0.000000
v 2.129126 23.799144 0.000000
v 2.169504 23.743186 0.000000
v 2.175273 23.733859 0.000000
v 2.181041 23.715206 0.000000
v 2.186809 23.705880 0.000000
v 2.186809 23.696554 0.000000
v 2.192578 23.677901 0.000000
v 2.192578 23.668574 0.000000
v 2.192578 23.659248 0.000000
v 2.186810 23.612615 3.730116
v 2.192578 23.631268 3.730116
v 2.186810 23.603289 3.730116
v 2.181041 23.593962 3.730116
v 2.175273 23.584636 3.730116
v 2.163736 23.565982 3.730116
v 2.157968 23.556656 3.730116
v 2.146431 23.547329 3.730116
v 2.140663 23.538003 3.730116
v 1.477301 24.479969 0.000000
v -8.288520 20.749258 3.730116
v -40.187583 12.355170 3.170121
v -8.340431 24.750321 3.730116
v -4.337196 24.796998 3.730116
v -44.236944 16.309584 3.160117
v -16.237323 16.654848 4.150055
v -12.285990 20.702583 3.730116
v -24.140008 8.550062 4.110039
v -24.093877 4.558325 4.100035
v -20.188662 12.607117 4.110039
v -28.143256 8.503400 4.150055
v -12.314828 22.698451 3.730116
v -0.310886 22.847811 0.000000
v -14.287609 20.674583 3.730116
v -44.265770 18.305453 3.000053
v -18.238944 16.626850 4.160059
v -20.217498 14.602985 4.150055
v -22.190285 12.579120 4.150055
v -26.164697 10.527262 4.120043
v -24.163073 10.555257 4.180067
v -30.139112 8.475407 1.270049
v -50.114995 6.236958 3.269933
v -56.287008 20.161393 2.980045
v -47.992321 -3.742379 4.320122
v -44.040947 0.305330 4.260099
v -55.056692 -9.216061 4.090817
v -54.377431 -10.283135 4.247377
v -56.757726 -6.543845 3.907114
v -55.056692 -9.216061 4.090817
v -58.403340 5.378737 3.198336
v -58.321218 -1.296568 3.585485
v -57.156242 -5.859330 3.861168
v -57.499345 -5.145423 3.815221
v -58.280079 -2.087589 3.631432
v -57.784884 -4.406600 3.769274
v -58.176479 -2.872874 3.677380
v -58.011068 -3.647497 3.723327
v -58.458003 9.822066 3.113265
v -36.115156 6.404890 3.070081
v -34.090469 4.427686 4.185069
v -32.117674 6.451546 4.180067
v -53.350866 25.197702 1.320069
v -2.352884 25.822936 0.000000
v 2.648275 25.888284 0.000000
v 3.651967 25.897624 3.730116
v -55.323662 23.173850 2.910018
v -52.347173 25.207030 2.910018
v -56.310061 22.157262 2.940030
v -4.325660 23.799064 3.730116
v -3.339272 24.815663 3.730116
v -3.327735 23.808403 3.730116
v -2.324042 23.827068 3.730116
v -1.326117 23.836406 3.730116
v -3.316198 22.810468 3.730116
v -1.314580 22.838472 3.730116
v -57.302228 21.150000 2.930026
v -58.300154 21.131345 2.900014
v -58.288628 20.133411 2.960038
v -4.302586 21.803196 3.730116
v -16.277694 19.648651 3.730116
v -15.274000 19.667313 3.730116
v -58.523965 15.183756 3.021133
v -58.573554 19.214662 2.961665
v -58.582389 19.932750 2.958063
v -17.252551 17.643447 4.150055
v -16.254625 17.652782 4.170063
v -43.239017 16.318914 3.140109
v -42.229562 15.330311 3.130105
v -20.229031 15.600919 0.949922
v -21.215424 14.593650 4.150055
v -23.199745 13.567720 0.559995
v -22.201818 13.577055 4.170063
v -23.188212 12.569786 4.180067
v -25.178302 11.543857 4.170063
v -24.180374 11.553191 4.210079
v -31.131277 7.468140 4.170063
v -29.141184 8.494066 4.170063
v -43.106430 5.322985 3.789912
v -42.068146 2.329186 4.170063
v -36.103625 5.406956 3.070081
v 5.105585 29.413730 0.000000
v 5.607431 29.423063 3.730116
v 5.111354 28.919426 3.730116
v 4.621046 28.406463 3.730116
v 4.124969 27.902826 3.730116
v -51.862622 26.214292 2.580114
v -3.864192 26.802199 3.730116
v -3.356577 26.307901 3.730116
v -2.854731 26.317234 3.730116
v 3.144352 26.391921 3.730116
v -52.849019 25.207029 1.180013
v -2.848962 25.822930 3.730116
v 3.150121 25.888291 3.730116
v -2.843194 25.319300 3.730116
v -2.347116 25.328632 3.730116
v 2.654044 25.384654 3.730116
v 2.659813 24.890350 3.730116
v -1.839501 24.834334 3.730116
v -1.331885 24.340037 0.000000
v 2.169504 24.377387 3.730116
v 2.665582 24.386720 3.730116
v -55.825509 23.164523 0.170067
v 2.175273 23.883083 0.000000
v -56.817671 22.651565 1.950092
v -57.313754 22.147934 1.290057
v -0.818502 23.342109 3.730116
v -56.811907 22.157261 2.910018
v -0.812733 22.838478 3.730116
v 1.188885 22.866483 3.730116
v -57.804070 21.644303 2.900014
v -57.307991 21.644303 2.910018
v -2.306736 22.325503 3.730116
v -58.602534 21.570299 1.590575
v -58.597134 21.131345 2.006482
v -58.602534 21.570299 1.590575
v -58.588449 20.425373 2.930493
v -58.584823 20.130643 2.954099
v -58.593471 20.833566 2.905929
v -58.593471 20.833566 2.905929
v -58.584823 20.130643 2.954099
v -58.583361 20.011790 2.956480
v -16.773773 19.648646 0.000000
v -16.271927 19.154347 3.730116
v -15.770080 19.154352 3.730116
v -16.260393 18.156413 4.140051
v -17.742863 17.130485 1.619961
v -17.246784 17.139816 4.170063
v -58.478439 11.483177 3.098719
v -18.740791 16.617519 0.190075
v -19.727184 15.610250 4.150055
v -20.719343 15.097285 0.429943
v -20.223264 15.106615 4.160059
v -22.207584 14.080685 0.439947
v -22.703665 13.567724 0.850110
v -23.193978 13.064090 4.190071
v -22.697899 13.073420 4.170063
v -24.687987 12.551121 0.459955
v -24.191907 12.551125 0.999942
v -23.690059 12.560455 4.190071
v -24.682220 12.047491 4.230087
v -25.184068 12.038161 1.049962
v -24.186141 12.056821 4.200075
v -25.680150 11.534526 1.539929
v -26.672311 11.021562 0.690046
v -26.170463 11.030892 4.180067
v -26.176229 11.525196 0.630023
v -38.664749 10.377961 0.000000
v -26.666545 10.527258 4.170063
v -40.158759 9.855671 3.070081
v -40.089578 4.353043 3.070081
v -38.139841 8.382095 3.070081
v -39.656911 9.865000 3.070081
v -39.160832 9.865002 3.070081
v -38.658984 9.874331 3.070081
v -27.658706 10.014294 4.170063
v -28.154788 9.501334 4.150055
v -28.650868 9.501331 0.479963
v -38.145606 8.885726 3.070081
v -37.649526 8.885728 0.000000
v -29.648798 8.988367 0.349911
v -29.146950 8.988370 4.160059
v -28.645102 8.997700 4.160059
v -37.637993 8.391425 3.070081
v -30.640960 8.475403 0.750070
v -29.643032 8.484737 4.160059
v -37.136148 7.897123 3.070081
v -30.635195 7.971773 4.150055
v -31.137043 7.971770 1.699992
v -36.628534 7.402822 0.000000
v -31.627357 7.458810 1.579945
v -37.124618 6.889862 3.070081
v -38.093721 4.381032 3.070081
v -36.622769 6.899192 3.070081
v -32.625288 6.945847 0.429943
v -32.123440 6.955176 4.170063
v -32.613754 6.451543 4.180067
v -35.607542 5.910589 0.000000
v -34.107765 5.929251 0.389927
v -33.611685 5.938580 4.150055
v -35.601777 5.416285 3.070081
v -34.603848 5.425618 4.150055
v -35.596012 4.912655 4.250095
v -34.096235 4.931317 4.220083
v -36.593944 4.399693 3.070081
v -35.590246 4.409025 4.233270
v -40.585662 3.849410 4.190071
v -40.078049 3.355109 3.070081
v -39.587733 3.858741 3.070081
v -38.584036 3.877399 3.070081
v -39.080120 3.373767 4.349907
v -38.087956 3.877402 4.300114
v -37.586107 3.886731 3.070081
v -37.084259 3.896060 4.200075
v -40.579897 3.355107 3.070081
v -39.581969 3.364438 3.070081
v -41.070213 2.842147 4.233270
v -40.072284 2.860805 3.070081
v -39.570435 2.860807 3.070081
v -39.074355 2.870136 4.349907
v -40.568368 2.347846 4.340130
v 2.192578 23.640595 0.000000
v 2.129126 23.528676 3.730116
v -27.870070 -45.636163 3.838870
v -27.028998 -45.733064 3.831251
v -26.182745 -45.758471 3.823633
v -25.734362 -45.752955 3.819599
v -34.742161 -41.128883 3.915055
v -28.699932 -45.468462 3.846488
v -18.792813 -19.886356 4.110039
v -29.512639 -45.231163 3.854106
v -52.986095 -12.468835 4.220674
v -30.302364 -44.925967 3.861725
v -31.063447 -44.555062 3.869343
v -34.257657 -41.823251 3.907437
v -31.790435 -44.121104 3.876962
v -33.716164 -42.474147 3.899818
v -32.478117 -43.627205 3.884580
v -33.121564 -43.076905 3.892199
v -52.986095 -12.468835 4.220674
v -54.377431 -10.283135 4.247377
v -16.225782 18.492167 0.000000
v -25.634001 11.954219 1.639969
v -35.249906 5.453593 4.250095
v -40.285643 12.737555 0.000000
v -45.327133 20.012196 3.040069
v -50.362841 27.286842 2.400043
v -58.392441 21.728241 1.579945
v -0.333135 -45.440461 3.575416
v 0.737179 -45.427294 3.598263
v 7.787855 33.647993 0.000048
v 7.787855 33.554728 0.908568
v 8.283931 34.366140 0.000048
v 7.787854 34.142297 0.000048
v 7.787830 44.261537 0.000048
v 15.222104 45.623632 0.000048
v 8.785474 45.544446 0.000048
v 7.787827 45.532172 0.000048
v 7.787895 16.804355 1.188936
v 7.787895 16.795028 1.190365
v 23.904757 5.146499 3.730108
v 7.787895 16.813681 1.187508
v 7.787895 16.823008 1.186223
v 7.787895 16.832334 1.184794
v 7.787895 16.841661 1.183509
v 7.787886 20.870704 3.730108
v 7.787892 18.007472 3.730108
v 7.787877 24.591973 3.730108
v 23.991181 23.370458 3.730108
v 7.787873 26.177476 3.730108
v 16.157737 28.761039 3.730108
v 7.787866 28.947443 3.730108
v 7.787863 30.215845 3.730108
v 8.318541 34.160958 3.730108
v 7.787856 33.200322 3.730108
v 7.787856 33.377525 3.430172
v 7.787946 -4.478692 3.661837
v 7.787969 -14.084974 3.661408
v 24.106740 -10.857751 3.730108
v 7.787999 -26.880916 3.726537
v 8.301388 -27.048785 3.730108
v 7.788000 -27.263302 3.782954
v 7.788000 -27.449831 3.730108
v 7.788002 -28.205277 3.823802
v 7.788013 -32.728624 4.213005
v 24.302956 -26.852675 3.889360
v 7.788013 -32.849868 4.218861
v 25.808514 -27.337625 3.910069
v 7.788014 -33.148315 4.221289
v 29.546456 -29.165549 3.870078
v 29.557993 -29.174875 3.870078
v 7.788036 -42.288273 3.629986
v 29.569530 -29.174875 3.870078
v 7.788036 -42.288273 3.632414
v 29.581067 -29.184201 3.880076
v 9.815365 -45.315612 3.652344
v 7.788043 -45.340552 3.630180
v 41.727243 -44.923023 4.001574
v 9.815365 -45.315612 3.652344
v 58.138346 16.161645 0.000048
v 58.112268 18.281413 0.000048
v 55.053816 18.288159 0.000048
v 54.765395 18.577273 0.000048
v 54.903837 18.428053 0.000048
v 54.638489 18.735821 0.000048
v 54.350065 19.286077 0.000048
v 54.430824 19.090222 0.000048
v 54.286611 19.481931 0.000048
v 54.240462 19.677787 0.000048
v 54.211617 19.882969 0.000048
v 54.200078 20.088151 0.000048
v 54.205844 20.293334 0.000048
v 54.234684 20.498517 0.000048
v 54.275060 20.703701 0.000048
v 54.338509 20.899559 0.000048
v 54.413496 21.095417 0.000048
v 54.511556 21.272622 0.000048
v 54.621152 21.449828 0.000048
v 54.742286 21.617708 0.000048
v 54.880725 21.766935 0.000048
v 55.036468 21.906836 0.000048
v 55.197981 22.037411 0.000048
v 55.371030 22.149333 0.000048
v 55.549848 22.242602 0.000048
v 55.740203 22.317218 0.000048
v 55.936326 22.382508 0.000048
v 56.138218 22.429145 0.000048
v 56.345878 22.457130 0.000048
v 56.547770 22.466461 0.000048
v 56.755431 22.457140 0.000048
v 56.963092 22.429165 0.000048
v 57.159217 22.391864 0.000048
v 57.361110 22.326583 0.000048
v 57.551466 22.251976 0.000048
v 57.730287 22.158715 0.000048
v 57.909107 22.046802 0.000048
v 58.067279 21.938352 0.000048
v 46.257253 0.073328 0.000048
v 46.222641 0.269183 0.000048
v 45.865001 0.334461 0.000048
v 46.966767 -0.234431 0.000048
v 47.041758 -0.467591 0.000048
v 58.439196 -8.293102 0.000048
v 52.867867 -4.468523 0.000048
v 55.319480 -8.656059 0.564213
v 58.448152 -9.021099 0.162647
v 58.470007 -10.797603 0.055795
v 55.261798 -8.795957 0.000048
v 58.470193 -10.812720 0.007769
v 58.470007 -10.797603 0.055795
v 58.448152 -9.021099 0.162647
v 58.671445 -27.171634 3.991669
v 57.373273 -28.829202 0.000048
v 57.488643 -28.922464 4.003907
v 58.671336 -27.162767 3.854726
v 53.214280 -31.599268 4.002193
v 53.346953 -31.506000 0.000048
v 53.098911 -31.515332 4.000050
v 53.479627 -31.599261 0.000048
v 53.364260 -31.701856 4.004906
v 53.641144 -31.711176 0.000048
v 53.525777 -31.813770 4.007763
v 53.819966 -31.832416 0.000048
v 53.710368 -31.944336 4.011048
v 53.981483 -31.944330 0.000048
v 53.883421 -32.056250 4.014190
v 54.166074 -32.074896 0.000048
v 54.068012 -32.186816 4.017475
v 54.373739 -32.214789 0.000048
v 54.275677 -32.336035 4.021189
v 54.598709 -32.373334 0.000048
v 52.349034 -33.044893 4.005620
v 54.512184 -32.494580 4.025473
v 33.572741 -20.212045 0.000048
v 33.826552 -20.389243 0.000048
v 33.809245 -20.193387 0.928564
v 33.543897 -20.006862 0.784451
v 35.539775 -21.396470 1.852366
v 36.468477 -20.006805 3.927209
v 39.664209 -24.250292 3.881504
v 40.581373 -22.851300 3.880933
v 40.408320 -22.730059 3.880504
v 41.758154 -25.705181 3.890074
v 43.592521 -27.160074 0.000048
v 43.892481 -27.365250 0.000048
v 43.892479 -27.188047 3.898929
v 43.598288 -26.982871 3.897786
v 47.243928 -27.458443 3.899357
v 43.246414 -26.917593 0.000048
v 43.223339 -26.721737 3.896215
v 42.842623 -26.637807 0.000048
v 42.813779 -26.432625 3.894501
v 42.392684 -26.330042 0.000048
v 42.329230 -26.096881 3.892502
v 46.211396 -28.792153 3.908498
v 46.096029 -28.894747 0.000048
v 46.320996 -28.866762 3.909070
v 47.607362 -29.762077 3.927066
v 48.986001 -28.670847 3.926352
v 48.859095 -28.577585 3.924066
v 49.176381 -30.843914 3.953060
v 49.389814 -30.993133 3.956631
v 49.193689 -31.039770 0.000048
v 49.418659 -31.198316 0.000048
v 49.632090 -31.161005 3.960630
v 49.689776 -31.384839 0.000048
v 49.920512 -31.366181 3.965486
v 50.001273 -31.599341 0.000048
v 50.260851 -31.599335 3.971056
v 50.364686 -31.851148 0.000048
v 50.653107 -31.869795 3.977484
v 52.129833 -32.895675 4.001907
v 52.152908 -33.091530 0.000048
v 51.893328 -32.914333 0.000048
v 51.841409 -32.699825 3.997194
v 51.581831 -32.699831 0.000048
v 51.512607 -32.466670 3.991766
v 51.218418 -32.448024 0.000048
v 51.114583 -32.196211 3.985196
v 46.724813 -31.636720 0.000048
v 46.419085 -31.431544 0.000048
v 46.396013 -31.599422 3.973199
v 46.067211 -31.375593 3.970628
v 47.497763 -29.864671 0.000048
v 46.078746 -31.198390 0.000048
v 45.703799 -31.123786 3.967914
v 46.511357 -29.183859 0.000048
v 45.715334 -30.946582 0.000048
v 45.305775 -30.853326 3.964915
v 45.311542 -30.676123 0.000048
v 44.873141 -30.554888 3.961773
v 46.453673 -29.146554 0.000048
v 44.878908 -30.377685 0.000048
v 44.400128 -30.237798 3.958202
v 44.400127 -30.051268 0.000048
v 43.886736 -29.883402 3.954346
v 27.089102 -27.449520 3.169656
v 26.962195 -27.179054 0.000048
v 26.512258 -27.039165 3.004406
v 27.908219 -27.841218 0.000048
v 28.144726 -28.186294 3.469735
v 30.901948 -16.957151 0.020900
v 29.771353 -18.598634 0.499798
v 29.932868 -18.626611 0.000048
v 32.119067 -15.185096 0.000048
v 31.790272 -15.660753 0.000048
v 32.182521 -15.362298 0.000048
v 36.116504 -7.490665 0.000048
v 36.081895 -7.649216 3.329051
v 36.791410 -8.050241 0.657050
v 36.445295 -6.613969 0.468519
v 36.053049 -7.192219 0.112738
v 36.162649 -7.285482 0.000048
v 39.231391 -2.556891 2.963700
v 39.410211 -2.566213 0.000048
v 39.496733 -2.174499 3.202078
v 39.069878 -2.799382 2.817303
v 41.163776 -0.010719 0.000048
v 41.336825 0.241099 0.000048
v 41.204151 0.306382 2.730607
v 41.019566 0.045237 2.892430
v 40.956117 -0.318498 0.000048
v 40.800370 -0.271869 3.088816
v 42.432799 2.097094 1.629271
v 46.436022 5.156268 0.000048
v 46.499476 4.951086 0.000048
v 46.678289 5.622597 0.000048
v 46.176450 4.652632 0.000048
v 42.375036 10.714767 2.435956
v 43.015329 10.267109 2.131592
v 42.507707 10.808035 0.000048
v 41.480932 11.507500 0.000048
v 41.342492 11.423559 2.929136
v 58.438771 -8.258607 0.000048
v 52.850560 -4.272667 0.000048
v 52.769804 -4.403240 0.000048
v 58.344740 -0.615240 0.000048
v 58.273313 5.190784 0.000048
v 58.436909 -8.107185 0.000048
v 52.660204 -4.328631 0.000048
v 54.771765 -32.671777 4.030044
v 58.647745 -25.245211 0.000048
v 58.637887 -24.443832 0.000048
v 47.601570 -27.533047 0.000048
v 47.515045 -27.654293 3.900072
v 46.384451 -29.090597 0.000048
v 46.574808 -29.043960 3.910069
v 53.825761 -34.070773 4.030044
v 54.783302 -32.681103 4.030044
v 53.837298 -34.080099 4.030044
v 54.794839 -32.690430 4.030044
v 53.848834 -34.089425 4.030044
v 54.806375 -32.690429 4.030044
v 53.854603 -34.098751 4.030044
v 54.817912 -32.690429 4.030044
v 53.866140 -34.108078 4.030044
v 54.829449 -32.699755 4.030044
v 53.871908 -34.117404 4.030044
v 54.840986 -32.699755 4.030044
v 53.877677 -34.126730 4.030044
v 54.858291 -32.699755 4.030044
v 53.883446 -34.145383 4.030044
v 54.869828 -32.699754 4.030044
v 53.889214 -34.154709 4.030044
v 54.881365 -32.699754 4.030044
v 53.889214 -34.164036 4.030044
v 54.892902 -32.690427 4.030044
v 53.889214 -34.182689 4.030044
v 54.910207 -32.690427 4.030044
v 53.894983 -34.192015 4.030044
v 54.921744 -32.681100 4.030044
v 53.889215 -34.210668 4.030044
v 54.933281 -32.681100 4.030044
v 53.889215 -34.219995 4.030044
v 54.944817 -32.671773 4.030044
v 53.889215 -34.229321 4.030044
v 54.950586 -32.662447 4.030044
v 53.883447 -34.247974 4.020046
v 35.972295 -7.583933 3.730108
v 31.651160 45.825747 0.000048
v 16.238493 28.891611 0.000048
v 24.273830 23.361137 0.000048
v 38.873898 45.914604 0.000048
v 39.813864 12.654624 0.000048
v 44.174776 9.660912 0.000048
v 44.053642 9.558318 1.637555
v 44.463198 9.269206 1.441597
v 46.061088 4.102366 0.000048
v 45.980329 4.279568 0.000048
v 45.697684 3.729299 0.000048
v 44.705518 4.372805 0.000048
v 44.907410 4.400789 0.000048
v 44.763200 4.522030 0.000048
v 44.122913 4.288854 0.000048
v 44.249812 4.745855 0.000048
v 43.984471 4.363463 0.236854
v 43.073083 2.768614 0.000048
v 42.957714 2.861877 1.157943
v 42.750056 2.563425 1.340761
v 42.582777 2.059791 0.000048
v 42.513556 2.218340 1.555572
v 40.702311 -0.682236 0.000048
v 40.535028 -0.663587 3.327194
v 40.431199 -0.812813 3.423316
v 40.275457 -1.307120 0.000048
v 40.142783 -1.232510 3.682547
v 39.675553 -2.174495 0.000048
v 39.502501 -2.165172 3.206363
v 37.898913 -4.767295 0.000048
v 37.737398 -4.729993 1.625986
v 37.622032 -4.897872 1.520723
v 37.979667 -4.375581 1.843511
v 37.056739 -5.989082 0.000048
v 36.929834 -5.914473 0.897999
v 36.802931 -6.091679 0.786737
v 37.045200 -5.737267 1.003690
v 36.929850 -7.956974 0.000048
v 36.664493 -6.558006 0.000048
v 36.606808 -6.380804 0.611488
v 36.110753 -9.654411 0.000048
v 36.099214 -9.411922 0.000048
v 34.432168 -11.836842 0.000048
v 36.560680 -8.740406 0.000048
v 34.195669 -12.443068 0.000048
v 33.907250 -12.592298 0.000048
v 33.584224 -13.067955 0.000048
v 34.132215 -12.265866 0.000048
v 33.538079 -13.394383 0.000048
v 33.411174 -13.310447 0.000048
v 31.796042 -15.921894 0.000048
v 31.697979 -15.800652 0.000048
v 31.501855 -16.089777 0.000048
v 31.438405 -16.434858 0.000048
v 31.311500 -16.360248 0.000048
v 30.948094 -16.882539 0.000048
v 31.011548 -17.059741 0.000048
v 29.782891 -18.841123 0.000048
v 29.609839 -18.831800 0.567926
v 29.494474 -19.270147 0.000048
v 29.148372 -19.503315 0.764313
v 28.531158 -20.398669 1.025114
v 29.298349 -19.288803 0.700755
v 29.407947 -19.130251 0.654336
v 28.386951 -20.874323 0.000048
v 28.046617 -21.098165 1.230927
v 27.573612 -21.788333 1.431599
v 28.242741 -20.809040 1.146945
v 27.400564 -22.301293 0.000048
v 27.342878 -22.124091 1.530149
v 27.135218 -22.422543 1.617988
v 25.773888 -24.660924 0.000048
v 25.773886 -24.399782 2.195721
v 25.531615 -24.754193 2.296985
v 25.398944 -25.201867 0.000048
v 25.341259 -25.033991 2.378397
v 25.133602 -25.901358 0.000048
v 25.220129 -26.143845 2.637484
v 25.520088 -26.349023 2.721609
v 24.914402 -25.929342 2.550074
v 25.796971 -26.358344 0.000048
v 25.796972 -26.544874 2.801449
v 33.872720 -23.112577 0.000048
v 37.518370 -25.360188 0.000048
v 37.229948 -25.164338 0.000048
v 37.362624 -25.434803 3.892359
v 43.223363 -29.249215 0.000048
v 43.534859 -29.463718 0.000048
v 43.880966 -29.696873 0.000048
v 52.487505 -35.572368 0.000048
v 50.791552 -32.149586 0.000048
v 46.211398 -28.978683 0.000048
v 41.867756 -25.966320 0.000048
v 39.594989 -24.390191 0.000048
v 38.983534 -23.961185 0.000048
v 39.087365 -23.858592 3.752389
v 35.430176 -21.499064 0.000048
v 34.126529 -23.047286 0.000048
v 33.278551 -20.006868 0.000048
v 33.226633 -19.792359 0.615630
v 32.995896 -19.633814 0.491371
v 32.540181 -18.048319 0.000048
v 36.728055 -20.006800 0.000048
v 36.722288 -20.184003 3.924066
v 40.264109 -22.636798 3.880076
v 40.477539 -22.599487 0.000048
v 58.624996 -26.982528 0.000048
v 58.669843 -27.041440 1.939378
v 48.968693 -28.474991 0.000048
v 58.665592 -26.695844 0.000048
v 58.665794 -26.712309 0.000048
v 58.668308 -26.916617 0.000048
v 58.472303 -10.984239 0.000048
v 58.477793 -11.430542 0.000048
v 52.902508 -7.191857 0.000048
v 52.994801 -7.079937 0.939418
v 52.642927 -6.837456 0.996121
v 51.235432 -6.063390 0.000048
v 51.368104 -5.970122 1.234070
v 50.197113 -5.177397 1.677261
v 51.454630 -6.026079 1.201220
v 51.518083 -6.072710 1.178224
v 49.158798 -4.645811 0.000048
v 49.343386 -4.589848 2.000049
v 48.997280 -4.356693 2.131592
v 49.914460 -4.981547 1.783952
v 46.291891 -2.696638 0.000048
v 46.505321 -2.659328 3.075533
v 46.263048 -2.500783 3.166657
v 44.826696 0.045317 0.000048
v 44.936296 -0.057272 1.584281
v 45.126650 0.213200 0.961556
v 44.878613 -0.150538 1.788808
v 48.466556 -1.269638 0.000048
v 48.483864 -1.456167 0.000048
v 48.968411 -1.791910 0.000048
v 48.328116 -1.353579 0.000048
v 49.943273 -2.276865 0.000048
v 49.995191 -2.500700 0.000048
v 50.341296 -2.733854 0.000048
v 52.239106 -3.852989 0.000048
v 58.265754 5.805189 0.000048
v 52.037213 -3.899626 0.000048
v 58.063101 22.277980 0.000048
v 57.805273 22.289288 0.000048
v 57.989862 22.168048 0.000048
v 58.058434 22.657382 0.000048
v 58.065086 22.116594 0.000048
v 58.058305 22.667794 0.000048
v 57.614917 22.382548 0.000048
v 58.053975 23.019834 0.000048
v 58.053759 23.037342 0.000048
v 57.407255 22.466482 0.000048
v 58.049358 23.395080 0.000048
v 58.049053 23.419910 0.000048
v 57.199593 22.531762 0.000048
v 58.044978 23.751135 0.000048
v 58.044589 23.782717 0.000048
v 56.986164 22.578389 0.000048
v 58.040736 24.095937 0.000048
v 58.040255 24.135036 0.000048
v 56.766966 22.606364 0.000048
v 58.036614 24.431007 0.000048
v 58.036087 24.473813 0.000048
v 56.547769 22.615685 0.000048
v 58.032738 24.746016 0.000048
v 58.032183 24.791156 0.000048
v 56.328571 22.606353 0.000048
v 58.029114 25.040627 0.000048
v 58.028504 25.090211 0.000048
v 56.115143 22.578369 0.000048
v 58.025777 25.311873 0.000048
v 58.025169 25.361311 0.000048
v 55.901714 22.531731 0.000048
v 58.022688 25.562943 0.000048
v 58.022091 25.611474 0.000048
v 55.688286 22.466441 0.000048
v 58.019846 25.794005 0.000048
v 58.019224 25.844515 0.000048
v 58.017432 25.990180 0.000048
v 55.486394 22.373171 0.000048
v 58.016878 26.035270 0.000048
v 58.015352 26.159320 0.000048
v 55.296040 22.270575 0.000048
v 58.014876 26.197972 0.000048
v 58.013533 26.307164 0.000048
v 55.111454 22.158653 0.000048
v 58.013124 26.340387 0.000048
v 57.912012 34.559335 0.000048
v 57.910359 34.693667 0.000048
v 57.908864 34.815234 0.000048
v 47.769568 46.024042 0.000048
v 48.641526 45.996711 0.000048
v 49.507785 45.893486 0.000048
v 57.892478 36.147176 0.000048
v 57.843617 37.018283 0.000048
v 50.361753 45.715151 0.000048
v 57.719033 37.881818 0.000048
v 51.196932 45.463064 0.000048
v 57.519674 38.731209 0.000048
v 52.006967 45.139143 0.000048
v 57.247057 39.559992 0.000048
v 52.785693 44.745852 0.000048
v 56.903256 40.361861 0.000048
v 53.527184 44.286185 0.000048
v 56.490888 41.130714 0.000048
v 54.225798 43.763639 0.000048
v 56.013090 41.860700 0.000048
v 54.876220 43.182191 0.000048
v 55.473499 42.546265 0.000048
v 25.058611 -25.705503 0.000048
v 24.931706 -25.621567 2.550074
v 24.925937 -25.630894 2.550074
v 25.000928 -25.808096 0.000048
v 24.937474 -25.621567 2.550074
v 58.703946 -29.813473 4.023313
v 58.703946 -29.813473 4.023313
v 54.979427 -32.634466 4.030044
v 58.740069 -32.749767 4.058590
v 58.764209 -34.712029 4.085120
v 58.756129 -35.254086 4.092450
v 58.762087 -35.073459 4.090007
v 58.764781 -34.892753 4.087564
v 25.802743 -26.833995 3.970057
v 25.300891 -26.843331 3.970057
v 24.799039 -26.852666 2.952560
v 24.793268 -26.349036 2.156730
v 25.295120 -26.339700 1.985052
v 24.902865 -25.920015 2.550074
v 24.897097 -25.910689 2.550074
v 24.885560 -25.901363 2.550074
v 24.879792 -25.892036 2.550074
v 24.874023 -25.882710 2.550074
v 24.868255 -25.873383 2.550074
v 24.862486 -25.864057 2.550074
v 24.856718 -25.845404 2.550074
v 24.850949 -25.836078 2.550074
v 25.768117 -24.334497 0.000048
v 26.252654 -22.832924 3.730108
v 25.248952 -22.842268 3.730108
v 25.277806 -24.838136 3.730108
v 27.735125 -21.312680 3.730108
v 27.729353 -20.809049 3.730108
v 27.227502 -20.818385 3.730108
v 27.239045 -21.816319 3.730108
v 28.225436 -20.809040 0.000048
v 27.723582 -20.314746 3.730108
v 47.687737 7.236102 0.000048
v 47.283950 7.329358 0.099741
v 58.199599 11.182669 0.000048
v 47.330102 6.872361 0.000048
v 45.743834 3.496138 0.000048
v 36.722288 -20.202656 3.850082
v 28.219664 -20.305410 3.730108
v 28.213892 -19.801780 3.730108
v 27.215959 -19.820451 3.730108
v 28.715743 -19.801771 3.730108
v 29.206054 -19.288805 3.730108
v 28.202349 -18.803846 3.730108
v 32.707473 -19.251433 3.980054
v 32.286379 -19.139523 0.113595
v 32.701701 -18.747803 3.980054
v 29.200282 -18.794501 3.730108
v 44.370949 4.661919 0.000048
v 44.272886 4.773835 0.000048
v 44.267117 4.764508 0.000048
v 44.284422 4.783161 0.000048
v 44.295959 4.792488 0.000048
v 33.215096 -19.745727 3.950061
v 33.007418 -17.609965 3.970057
v 32.695929 -18.253499 1.990051
v 32.632476 -18.169562 2.370827
v 32.078716 -18.990303 0.000048
v 44.307496 4.792488 0.000048
v 44.347874 4.801816 0.000048
v 44.330569 4.801815 0.000048
v 44.359411 4.811143 0.000048
v 44.370948 4.811143 0.000048
v 44.382484 4.811143 0.000048
v 44.399790 4.801817 0.000048
v 44.411326 4.801817 0.000048
v 44.422863 4.801817 0.000048
v 44.434400 4.792491 0.000048
v 31.173058 -16.266986 3.730108
v 31.663368 -15.763347 0.000048
v 30.671207 -16.276322 3.730108
v 30.169357 -16.285658 3.730108
v 30.630804 -12.778890 3.730108
v 29.627104 -12.788235 3.730108
v 29.673274 -16.285667 3.730108
v 29.171424 -16.295003 3.730108
v 28.629172 -12.797580 3.730108
v 26.627539 -12.825596 3.730108
v 24.204848 -18.850550 3.730108
v 44.445937 4.792491 0.000048
v 44.457474 4.783165 0.000048
v 44.469010 4.773839 0.000048
v 33.630368 -12.741527 3.730108
v 34.120678 -12.228560 0.000048
v 32.626668 -12.750873 3.730108
v 31.628736 -12.760218 3.730108
v 34.541721 -5.727990 3.730108
v 32.003610 -2.752889 3.730108
v 44.255581 4.755181 0.000048
v 36.047283 -7.453361 0.000048
v 35.960758 -7.583933 3.730108
v 35.954990 -7.574607 3.730108
v 35.943453 -7.565281 3.730108
v 35.931916 -7.555954 3.730108
v 31.824641 17.979890 3.730108
v 35.926148 -7.546628 3.730108
v 36.445223 2.302154 3.730108
v 39.658119 12.580008 3.730108
v 32.043839 18.007874 0.000048
v 37.443152 2.311500 3.730108
v 47.491613 7.189465 0.000048
v 36.087676 -9.206740 3.730108
v 36.081903 -8.703110 3.730108
v 36.577985 -8.703100 0.000048
v 36.606827 -8.675120 0.000048
v 36.572212 -8.199469 3.730108
v 36.964462 -8.152829 0.000048
v 36.064590 -7.705176 3.730108
v 53.058252 -6.995997 0.000048
v 52.043000 -5.513109 0.000048
v 35.556964 -6.716578 3.730108
v 35.903074 -7.481343 3.730108
v 35.897305 -7.472017 3.730108
v 35.897305 -7.453364 0.000048
v 35.897305 -7.444037 0.000048
v 35.903073 -7.434711 0.000048
v 35.903073 -7.416058 0.000048
v 35.908841 -7.406731 0.000048
v 35.914610 -7.397405 0.000048
v 35.920378 -7.378751 0.000048
v 35.926146 -7.369425 0.000048
v 36.053045 -6.707242 3.730108
v 35.049342 -6.222284 3.730108
v 52.048774 -6.007412 0.000048
v 51.546924 -6.016750 1.178224
v 44.319032 4.801815 0.000048
v 44.411325 4.895082 0.000048
v 36.549123 -6.203601 3.730108
v 36.543350 -5.699971 3.730108
v 36.537578 -5.205667 3.730108
v 35.908842 -7.509322 3.730108
v 35.903074 -7.499996 3.730108
v 37.045200 -5.690635 0.000048
v 36.531805 -4.702037 3.730108
v 36.012639 -3.209809 3.730108
v 50.035597 -5.037504 3.750104
v 50.029823 -4.533873 3.108384
v 40.085100 -1.316450 3.730108
v 39.987036 -1.157902 3.730108
v 39.496733 -2.165173 0.000048
v 37.033659 -5.196331 3.730108
v 37.529736 -4.692691 3.730108
v 49.527973 -4.543211 3.720110
v 50.520124 -3.526602 1.236783
v 37.523963 -4.189061 3.730108
v 37.022114 -4.198397 3.730108
v 36.520260 -3.704103 3.730108
v 51.523829 -4.020883 0.235712
v 51.021979 -4.020894 1.248352
v 38.025812 -4.179724 3.730108
v 38.510348 -3.172453 3.730108
v 38.014267 -3.181790 3.730108
v 37.518191 -3.685430 3.730108
v 50.006728 -2.538006 0.123735
v 37.512418 -3.191127 3.730108
v 36.514488 -3.200473 3.730108
v 39.000652 -2.174509 3.730108
v 37.183661 -8.106192 0.000048
v 36.497175 -2.202539 3.730108
v 36.502947 -2.696843 3.730108
v 35.499245 -2.211885 3.730108
v 36.474085 -0.197345 3.730108
v 36.485630 -1.204605 3.730108
v 24.850949 -25.826751 2.550074
v 48.495401 -1.549432 0.247423
v 47.993552 -1.558769 0.927564
v 48.005099 -2.556703 2.782596
v 38.446849 2.320847 3.730108
v 40.483113 -0.654261 0.000048
v 39.444778 2.339520 3.730108
v 45.472755 -0.094566 3.840084
v 45.466982 0.409064 0.000048
v 44.976675 -0.094577 3.930065
v 44.982448 -0.598207 3.880076
v 45.980378 -0.588859 3.770099
v 29.632981 -29.044303 0.000048
v 36.462540 0.800589 3.730108
v 45.420833 0.642225 0.000048
v 42.444334 2.376888 3.730108
v 42.940409 2.880529 0.000048
v 41.446405 2.358214 3.730108
v 43.909472 5.389375 3.730108
v 40.442707 2.348867 3.730108
v 43.921019 4.391441 3.730108
v 34.028467 -23.159206 3.860080
v 29.754119 -29.128239 3.880076
v 33.993855 -22.954024 0.000048
v 43.327197 -29.501028 3.950061
v 29.748350 -29.137566 3.880076
v 29.736814 -29.146893 3.880076
v 29.731045 -29.156219 3.880076
v 29.719508 -29.165546 3.880076
v 41.755960 -44.922670 4.001599
v 44.330779 -44.890994 4.014474
v 44.436923 -44.889688 4.015002
v 52.625950 -35.842833 4.020046
v 46.939713 -44.858898 4.027106
v 44.972772 -44.883096 4.017587
v 51.129251 -44.552018 4.050339
v 51.855252 -44.345998 4.054503
v 50.389783 -44.702700 4.046176
v 52.563651 -44.085813 4.058666
v 49.641059 -44.797186 4.042013
v 48.887343 -44.834938 4.037849
v 46.939713 -44.858898 4.027106
v 52.637487 -35.852159 4.020046
v 52.712475 -35.721587 0.000048
v 45.420796 4.410126 3.730108
v 45.916876 4.419464 3.730108
v 45.905329 5.417398 3.730108
v 44.913174 4.904419 3.730108
v 44.918947 4.400789 0.000048
v 39.323871 -24.017137 3.880076
v 31.871054 -19.036940 0.000048
v 32.972806 -17.404783 0.000048
v 35.920379 -7.527975 3.730108
v 35.914611 -7.518649 3.730108
v 24.850949 -25.808098 2.550074
v 58.669018 -26.974392 0.870060
v 58.669843 -27.041440 1.939378
v 58.669018 -26.974392 0.870060
v 24.850949 -25.798772 2.550074
v 24.850949 -25.789445 2.550074
v 24.856717 -25.770792 2.550074
v 24.856717 -25.761466 2.550074
v 24.862485 -25.752139 2.550074
v 24.868254 -25.733486 2.550074
v 29.707972 -29.174873 3.880076
v 29.696435 -29.174873 3.880076
v 29.684898 -29.184200 3.880076
v 29.673361 -29.184200 3.880076
v 29.661824 -29.184200 3.880076
v 29.644519 -29.193527 3.880076
v 29.632982 -29.193527 3.880076
v 29.621446 -29.193527 3.880076
v 29.609909 -29.184201 3.880076
v 29.592604 -29.184201 3.880076
v 44.221027 -1.111180 3.940063
v 44.007597 -1.148491 0.000048
v 45.380452 0.847407 0.000048
v 52.660560 -35.861485 4.020046
v 52.672097 -35.870811 4.030044
v 52.649024 -35.861486 4.020046
v 52.833612 -35.805522 4.030044
v 53.866142 -34.275954 4.020046
v 52.827844 -35.814849 4.030044
v 52.816307 -35.824176 4.030044
v 52.810539 -35.833502 4.030044
v 52.799002 -35.842829 4.030044
v 52.787466 -35.852156 4.030044
v 52.775929 -35.861483 4.030044
v 52.764392 -35.861483 4.030044
v 52.752855 -35.870810 4.030044
v 52.735550 -35.870810 4.030044
v 52.724013 -35.870810 4.030044
v 52.712476 -35.870811 4.030044
v 52.700939 -35.870811 4.030044
v 52.683634 -35.870811 4.030044
v 53.745004 -34.192019 0.000048
v 53.877679 -34.257301 4.020046
v 53.871910 -34.266628 4.020046
v 54.852521 -32.550531 0.000048
v 54.973659 -32.643793 4.030044
v 54.962122 -32.653120 4.030044
v 25.214324 -19.839140 3.730108
v 26.212257 -19.829796 3.730108
v 47.007170 -2.575378 3.710112
v 46.897479 6.424680 3.730108
v 46.880163 7.431940 3.730108
v 45.882236 7.413266 3.730108
v 41.752452 -44.922713 4.001585
v 41.750283 -44.922740 4.001586
v 41.752452 -44.922713 4.001585
v 41.746771 -44.922783 4.001572
v 41.750283 -44.922740 4.001586
v 41.744601 -44.922809 4.001572
v 41.742431 -44.922836 4.001573
v 41.744601 -44.922809 4.001572
v 41.737828 -44.922893 4.001559
v 41.735657 -44.922920 4.001560
v 41.737828 -44.922893 4.001559
v 41.733487 -44.922946 4.001560
v 41.735657 -44.922920 4.001560
v 41.732667 -44.922956 4.001574
v 41.729413 -44.922996 4.001574
v 41.732667 -44.922956 4.001574
v 41.727243 -44.923023 4.001574
v 41.729413 -44.922996 4.001574
v 44.896386 -44.884035 4.017196
v 44.814218 -44.885046 4.016806
v 44.726991 -44.886119 4.016382
v 44.635184 -44.887249 4.015964
v 44.538261 -44.888441 4.015488
v 44.635184 -44.887249 4.015964
v 58.755962 -35.258050 4.092477
v 58.756018 -35.256729 4.092468
v 58.756074 -35.255407 4.092459
v 58.755743 -35.263185 4.092531
v 58.755816 -35.261473 4.092513
v 58.755889 -35.259762 4.092495
v 58.755522 -35.268298 4.092586
v 58.755596 -35.266593 4.092568
v 58.755669 -35.264889 4.092549
v 58.713674 -35.845583 4.093871
v 58.731335 -35.653436 4.093442
v 58.745286 -35.460983 4.093014
v 58.713385 -35.848424 4.093890
v 58.713095 -35.851261 4.093908
v 58.712805 -35.854094 4.093927
v 58.661233 -36.270765 4.099120
v 58.712805 -35.854094 4.093927
v 58.697559 -35.993220 4.095658
v 58.680367 -36.132119 4.097389
v 58.660907 -36.273011 4.099132
v 58.660566 -36.275357 4.099160
v 58.660239 -36.277597 4.099171
v 58.659899 -36.279932 4.099199
v 58.659558 -36.282261 4.099226
v 58.265824 -37.954309 4.092834
v 58.498650 -37.126755 4.096030
v 57.962798 -38.758809 4.089638
v 57.591813 -39.534313 4.086442
v 57.155609 -40.275090 4.083246
v 53.379707 -43.706865 4.064071
v 52.600781 -44.070475 4.060875
v 56.657408 -40.975667 4.080050
v 56.100891 -41.630869 4.076854
v 54.124534 -43.277701 4.067266
v 55.490171 -42.235854 4.073658
v 54.829759 -42.786154 4.070462
v 54.523120 18.913021 0.000048
v 54.396217 18.838406 0.000048
v 54.517355 18.651879 0.000048
v 52.598161 -44.071563 4.060871
v 52.595494 -44.072669 4.060875
v 52.590209 -44.074860 4.060875
v 52.591541 -44.074308 4.060873
v 52.588877 -44.075411 4.060877
v 52.592872 -44.073757 4.060871
v 52.586217 -44.076512 4.060881
v 52.583559 -44.077611 4.060885
v 52.578250 -44.079803 4.060894
v 52.579577 -44.079256 4.060892
v 52.576924 -44.080350 4.060896
v 52.580903 -44.078708 4.060890
v 52.576924 -44.080350 4.060896
v 52.571604 -44.082542 4.058631
v 52.571604 -44.082542 4.058631
v 52.566303 -44.084723 4.058651
v 43.857519 9.390437 3.730108
v 27.521185 45.774939 0.000048
v 58.065118 22.114001 0.000048
v 54.938405 22.018751 0.000048
v 54.776893 21.869524 0.000048
v 54.626918 21.710970 0.000048
v 54.494248 21.533764 0.000048
v 54.378883 21.347231 0.000048
v 54.280823 21.151373 0.000048
v 54.194300 20.955514 0.000048
v 54.130850 20.741004 0.000048
v 54.084706 20.526493 0.000048
v 54.055867 20.311983 0.000048
v 54.050101 20.088148 0.000048
v 54.061640 19.873639 0.000048
v 54.090484 19.659130 0.000048
v 54.142402 19.444622 0.000048
v 54.205857 19.230114 0.000048
v 54.292384 19.034260 0.000048
v 54.650029 18.484006 0.000048
v 54.800008 18.316132 0.000048
v 54.961524 18.176239 0.000048
v 58.140539 15.983395 0.000048
v 58.139629 16.057337 0.000048
v 15.309074 45.624701 0.000048
v 16.023824 45.633495 0.000048
v 15.309074 45.624701 0.000048
v 27.521185 45.774939 0.000048
v 27.139337 45.770241 0.000048
v 18.512717 45.664114 0.000048
v 16.023824 45.633495 0.000048
# Number of Elements in set       : 3074
f 1 2 3 
f 1 4 2 
f 5 6 7 
f 7 6 8 
f 6 9 8 
f 10 11 12 
f 13 10 12 
f 14 15 16 
f 14 17 15 
f 18 5 19 
f 18 6 5 
f 20 21 13 
f 20 22 21 
f 23 24 25 
f 26 23 25 
f 27 28 11 
f 10 27 11 
f 29 18 25 
f 25 18 26 
f 18 19 26 
f 30 15 31 
f 31 17 32 
f 31 15 17 
f 33 34 35 
f 33 36 34 
f 36 20 34 
f 20 13 34 
f 34 13 37 
f 13 12 37 
f 38 16 39 
f 38 14 16 
f 40 35 41 
f 40 33 35 
f 38 39 34 
f 37 38 34 
f 8 32 7 
f 8 31 32 
f 42 43 44 
f 42 45 43 
f 46 47 48 
f 46 49 47 
f 50 51 43 
f 50 43 52 
f 45 53 52 
f 43 45 52 
f 54 48 55 
f 54 46 48 
f 56 57 58 
f 58 57 59 
f 57 60 59 
f 61 62 63 
f 61 64 62 
f 65 66 44 
f 66 67 44 
f 67 42 44 
f 66 68 67 
f 66 69 68 
f 69 63 68 
f 69 61 63 
f 64 55 62 
f 64 54 55 
f 49 59 47 
f 49 58 59 
f 70 57 71 
f 70 60 57 
f 72 53 73 
f 72 52 53 
f 51 74 43 
f 51 75 74 
f 75 76 74 
f 75 77 76 
f 77 44 76 
f 77 65 44 
f 4 78 2 
f 78 79 2 
f 79 80 2 
f 81 82 79 
f 78 81 79 
f 83 84 85 
f 85 84 86 
f 84 87 86 
f 85 86 82 
f 81 85 82 
f 6 88 9 
f 6 89 88 
f 89 84 88 
f 89 87 84 
f 2 80 18 
f 29 2 18 
f 56 90 57 
f 56 91 90 
f 92 93 23 
f 23 94 24 
f 23 93 94 
f 95 96 97 
f 95 1 96 
f 27 98 28 
f 98 99 28 
f 99 100 28 
f 91 101 90 
f 91 102 101 
f 23 100 92 
f 23 28 100 
f 102 97 101 
f 102 95 97 
f 3 93 96 
f 3 94 93 
f 83 103 84 
f 83 104 103 
f 104 105 103 
f 104 106 105 
f 107 108 109 
f 107 110 108 
f 111 41 108 
f 111 40 41 
f 31 109 30 
f 31 107 109 
f 110 105 108 
f 108 106 111 
f 108 105 106 
f 112 50 113 
f 50 52 113 
f 52 114 113 
f 115 116 117 
f 115 118 116 
f 118 114 116 
f 118 113 114 
f 119 113 120 
f 119 112 113 
f 121 122 123 
f 121 124 122 
f 125 126 127 
f 125 128 126 
f 129 130 131 
f 129 132 130 
f 115 117 120 
f 120 117 133 
f 117 134 133 
f 135 99 136 
f 136 99 137 
f 99 98 137 
f 71 138 70 
f 70 139 140 
f 70 138 139 
f 117 141 134 
f 117 142 141 
f 143 131 144 
f 143 129 131 
f 145 21 123 
f 123 21 121 
f 21 22 121 
f 72 73 142 
f 142 73 141 
f 73 146 141 
f 119 120 147 
f 147 120 148 
f 120 133 148 
f 149 148 150 
f 149 147 148 
f 135 127 99 
f 135 125 127 
f 132 151 130 
f 132 152 151 
f 128 138 126 
f 128 139 138 
f 73 140 146 
f 73 70 140 
f 152 144 151 
f 152 143 144 
f 137 145 136 
f 137 21 145 
f 124 150 122 
f 124 149 150 
f 153 154 155 
f 154 156 155 
f 156 4 155 
f 4 1 155 
f 156 154 157 
f 154 153 157 
f 158 40 159 
f 158 159 156 
f 20 33 40 
f 36 33 20 
f 158 157 160 
f 22 20 158 
f 158 156 157 
f 158 20 40 
f 161 51 50 
f 66 65 51 
f 56 58 162 
f 161 162 54 
f 69 64 61 
f 46 162 49 
f 58 49 162 
f 66 54 69 
f 69 54 64 
f 54 162 46 
f 161 66 51 
f 161 54 66 
f 51 77 75 
f 51 65 77 
f 83 85 81 
f 4 156 78 
f 81 78 163 
f 83 81 163 
f 78 156 159 
f 163 78 159 
f 164 56 162 
f 162 165 164 
f 1 91 56 
f 1 102 91 
f 160 157 166 
f 1 95 102 
f 157 153 166 
f 166 153 155 
f 166 1 164 
f 166 155 1 
f 164 1 56 
f 163 106 104 
f 104 83 163 
f 163 111 106 
f 159 40 111 
f 159 111 163 
f 161 50 167 
f 112 168 50 
f 119 168 112 
f 50 168 167 
f 165 162 161 
f 160 164 165 
f 166 164 160 
f 147 149 124 
f 22 119 147 
f 121 147 124 
f 22 147 121 
f 22 168 119 
f 158 167 168 
f 165 161 167 
f 160 165 158 
f 158 168 22 
f 158 165 167 
f 169 170 171 
f 172 173 174 
f 169 175 176 
f 170 177 178 
f 174 179 180 
f 181 182 173 
f 175 183 184 
f 185 178 186 
f 183 182 187 
f 185 188 189 
f 190 179 189 
f 169 191 170 
f 174 180 172 
f 192 173 172 
f 175 193 176 
f 194 169 176 
f 177 195 178 
f 196 177 170 
f 180 179 190 
f 192 181 173 
f 197 182 181 
f 184 183 198 
f 193 175 184 
f 178 199 186 
f 185 186 200 
f 187 182 201 
f 202 183 187 
f 188 203 189 
f 185 200 188 
f 189 204 190 
f 191 196 170 
f 205 191 169 
f 205 169 194 
f 178 195 206 
f 201 182 197 
f 183 207 198 
f 198 208 184 
f 178 206 199 
f 209 183 202 
f 189 203 210 
f 204 189 210 
f 211 207 183 
f 206 184 208 
f 206 208 199 
f 209 202 212 
f 209 213 183 
f 212 204 210 
f 211 183 214 
f 202 204 212 
f 215 183 213 
f 214 183 216 
f 216 183 215 
f 217 171 170 
f 217 218 171 
f 219 172 180 
f 219 220 172 
f 221 190 204 
f 221 222 190 
f 222 180 190 
f 222 219 180 
f 223 187 201 
f 223 224 187 
f 225 197 181 
f 225 226 197 
f 224 202 187 
f 224 227 202 
f 226 201 197 
f 226 223 201 
f 228 188 200 
f 228 229 188 
f 230 181 192 
f 230 225 181 
f 227 204 202 
f 227 221 204 
f 231 212 210 
f 231 232 212 
f 233 215 213 
f 233 234 215 
f 235 186 199 
f 235 236 186 
f 237 206 195 
f 237 238 206 
f 239 205 194 
f 239 240 205 
f 241 207 211 
f 241 242 207 
f 242 198 207 
f 242 243 198 
f 240 191 205 
f 240 244 191 
f 245 193 184 
f 245 246 193 
f 247 214 216 
f 247 248 214 
f 243 208 198 
f 243 249 208 
f 248 211 214 
f 248 241 211 
f 249 199 208 
f 249 235 199 
f 238 184 206 
f 238 245 184 
f 236 200 186 
f 236 228 200 
f 250 195 177 
f 250 237 195 
f 246 176 193 
f 246 251 176 
f 251 194 176 
f 251 239 194 
f 252 189 179 
f 252 253 189 
f 254 179 174 
f 254 252 179 
f 255 182 183 
f 255 256 182 
f 257 183 175 
f 257 255 183 
f 256 173 182 
f 256 258 173 
f 220 192 172 
f 220 230 192 
f 229 203 188 
f 229 259 203 
f 259 210 203 
f 259 231 210 
f 232 209 212 
f 232 260 209 
f 260 213 209 
f 260 233 213 
f 234 216 215 
f 234 247 216 
f 244 196 191 
f 244 261 196 
f 262 170 178 
f 262 217 170 
f 253 185 189 
f 253 263 185 
f 263 178 185 
f 263 262 178 
f 264 175 169 
f 264 257 175 
f 265 171 266 
f 266 171 267 
f 171 218 267 
f 267 268 266 
f 267 269 268 
f 269 270 268 
f 269 271 270 
f 265 169 171 
f 265 264 169 
f 258 174 173 
f 258 272 174 
f 254 174 271 
f 271 174 270 
f 174 272 270 
f 261 177 196 
f 261 250 177 
f 238 237 245 
f 245 237 246 
f 251 246 239 
f 237 250 261 
f 244 240 239 
f 244 239 261 
f 246 237 239 
f 239 237 261 
f 223 227 224 
f 223 226 225 
f 221 227 219 
f 222 221 219 
f 230 223 225 
f 220 219 230 
f 219 227 223 
f 230 219 223 
f 259 229 231 
f 232 231 260 
f 231 229 228 
f 233 260 234 
f 235 228 236 
f 247 234 248 
f 235 249 243 
f 260 241 248 
f 243 242 228 
f 242 241 260 
f 260 231 228 
f 234 260 248 
f 235 243 228 
f 242 260 228 
f 253 252 263 
f 262 263 267 
f 218 217 262 
f 252 254 271 
f 269 252 271 
f 218 262 267 
f 267 263 269 
f 263 252 269 
f 156 25 29 
f 156 154 25 
f 155 3 94 
f 155 1 3 
f 153 94 24 
f 153 155 94 
f 154 24 25 
f 154 153 24 
f 4 29 2 
f 4 156 29 
f 154 29 25 
f 154 156 29 
f 157 153 24 
f 157 24 27 
f 23 28 27 
f 24 23 27 
f 158 98 137 
f 158 160 98 
f 18 29 6 
f 6 29 9 
f 9 29 159 
f 29 156 159 
f 22 137 21 
f 22 158 137 
f 153 25 24 
f 153 154 25 
f 160 27 98 
f 160 157 27 
f 40 41 159 
f 159 41 9 
f 41 8 9 
f 56 71 57 
f 56 162 71 
f 51 44 43 
f 51 65 44 
f 162 161 71 
f 161 72 71 
f 71 72 70 
f 72 73 70 
f 161 52 72 
f 161 50 52 
f 65 43 44 
f 65 51 43 
f 163 9 88 
f 163 159 9 
f 9 159 29 
f 9 29 6 
f 159 156 29 
f 29 18 6 
f 83 88 84 
f 83 163 88 
f 156 2 29 
f 156 4 2 
f 162 57 71 
f 162 56 57 
f 155 24 94 
f 155 153 24 
f 166 126 127 
f 166 164 126 
f 28 23 27 
f 23 24 27 
f 27 24 157 
f 24 153 157 
f 160 166 98 
f 166 127 98 
f 127 99 98 
f 165 71 138 
f 165 162 71 
f 1 94 3 
f 1 155 94 
f 157 98 27 
f 157 160 98 
f 164 138 126 
f 164 165 138 
f 40 159 41 
f 159 9 41 
f 9 8 41 
f 163 84 88 
f 163 83 84 
f 159 88 9 
f 159 163 88 
f 168 120 115 
f 168 119 120 
f 168 115 167 
f 167 115 142 
f 115 117 142 
f 50 72 52 
f 50 161 72 
f 161 142 72 
f 161 167 142 
f 119 115 120 
f 119 168 115 
f 160 98 166 
f 166 98 127 
f 98 99 127 
f 162 138 71 
f 162 165 138 
f 161 162 71 
f 161 71 72 
f 70 73 72 
f 71 70 72 
f 164 127 126 
f 164 166 127 
f 165 126 138 
f 165 164 126 
f 117 115 142 
f 142 115 167 
f 115 168 167 
f 167 72 142 
f 167 161 72 
f 160 137 98 
f 160 158 137 
f 158 21 137 
f 158 22 21 
f 24 94 25 
f 25 94 29 
f 29 94 2 
f 94 3 2 
f 26 19 17 
f 7 32 17 
f 5 7 17 
f 19 5 17 
f 11 28 26 
f 17 12 11 
f 28 23 26 
f 38 37 17 
f 17 37 12 
f 14 38 17 
f 17 11 26 
f 137 98 27 
f 21 137 10 
f 13 21 10 
f 137 27 10 
f 60 70 59 
f 59 70 47 
f 47 70 48 
f 55 70 73 
f 45 73 53 
f 48 70 55 
f 55 68 62 
f 68 63 62 
f 45 42 67 
f 67 68 55 
f 67 55 73 
f 45 67 73 
f 43 76 44 
f 43 74 76 
f 18 80 79 
f 18 79 6 
f 6 79 89 
f 82 86 87 
f 89 82 87 
f 79 82 89 
f 96 101 97 
f 96 90 101 
f 96 57 90 
f 127 92 100 
f 57 126 71 
f 93 92 127 
f 71 126 138 
f 127 100 99 
f 96 93 127 
f 126 96 127 
f 126 57 96 
f 107 31 8 
f 9 110 8 
f 84 103 88 
f 9 88 110 
f 110 107 8 
f 110 88 105 
f 103 105 88 
f 142 117 116 
f 142 52 72 
f 116 114 52 
f 142 116 52 
f 115 113 118 
f 115 120 113 
f 150 148 122 
f 140 130 146 
f 122 148 123 
f 133 145 148 
f 131 128 125 
f 139 130 140 
f 131 139 128 
f 133 134 145 
f 148 145 123 
f 146 151 141 
f 134 141 144 
f 131 125 135 
f 136 131 135 
f 136 145 134 
f 146 130 151 
f 131 130 139 
f 141 151 144 
f 136 134 144 
f 144 131 136 
f 152 132 129 
f 143 152 129 
f 268 270 272 
f 272 266 268 
f 266 255 265 
f 255 264 265 
f 255 257 264 
f 258 256 272 
f 272 256 255 
f 272 255 266 
f 30 41 15 
f 15 35 16 
f 16 35 39 
f 39 35 34 
f 15 41 35 
f 109 108 41 
f 30 109 41 
f 273 274 275 
f 276 273 275 
f 277 276 275 
f 278 279 280 
f 278 280 281 
f 282 278 281 
f 282 281 283 
f 284 282 283 
f 285 284 283 
f 286 275 282 
f 284 286 282 
f 287 275 288 
f 275 286 288 
f 289 288 290 
f 288 286 290 
f 291 289 290 
f 292 290 293 
f 294 291 290 
f 292 294 290 
f 287 277 275 
f 295 296 297 
f 295 297 298 
f 299 295 298 
f 299 298 300 
f 301 299 300 
f 301 300 302 
f 303 301 302 
f 303 302 304 
f 305 306 307 
f 305 307 304 
f 308 303 304 
f 308 304 307 
f 309 307 306 
f 309 306 310 
f 309 310 311 
f 309 311 312 
f 313 309 312 
f 313 312 314 
f 313 314 315 
f 316 313 315 
f 316 315 317 
f 318 316 317 
f 318 317 279 
f 279 278 318 
f 296 295 319 
f 296 319 320 
f 320 319 321 
f 320 321 322 
f 322 321 323 
f 323 321 324 
f 325 326 324 
f 325 324 321 
f 326 325 327 
f 326 327 328 
f 328 327 329 
f 328 329 330 
f 330 329 331 
f 331 329 332 
f 332 329 332 
f 332 329 333 
f 334 329 335 
f 334 333 329 
f 336 337 338 
f 339 340 341 
f 342 341 340 
f 343 344 345 
f 343 346 344 
f 347 348 349 
f 350 349 348 
f 351 349 350 
f 352 353 354 
f 355 352 356 
f 355 353 352 
f 357 351 350 
f 358 359 360 
f 360 361 362 
f 360 363 361 
f 360 364 363 
f 365 366 360 
f 365 367 366 
f 359 368 360 
f 360 369 370 
f 358 360 370 
f 369 371 372 
f 370 369 373 
f 369 372 374 
f 373 369 375 
f 376 369 374 
f 375 369 377 
f 378 369 376 
f 377 369 378 
f 371 369 379 
f 369 380 381 
f 369 381 379 
f 369 382 383 
f 369 384 382 
f 369 385 384 
f 369 362 385 
f 369 360 362 
f 386 387 388 
f 386 389 387 
f 386 390 389 
f 386 391 390 
f 392 393 394 
f 392 388 393 
f 392 386 388 
f 395 396 397 
f 398 399 400 
f 398 401 399 
f 398 397 401 
f 398 395 397 
f 402 403 404 
f 402 405 403 
f 402 400 405 
f 402 398 400 
f 406 407 408 
f 406 409 407 
f 406 410 409 
f 406 404 410 
f 406 402 404 
f 411 412 413 
f 411 408 412 
f 411 406 408 
f 414 348 411 
f 414 350 348 
f 414 413 415 
f 414 411 413 
f 416 417 418 
f 416 419 417 
f 416 347 419 
f 416 348 347 
f 416 411 348 
f 416 406 411 
f 420 421 422 
f 420 418 421 
f 420 416 418 
f 420 406 416 
f 420 402 406 
f 423 424 425 
f 423 426 424 
f 423 422 426 
f 423 420 422 
f 423 402 420 
f 423 398 402 
f 427 428 345 
f 427 429 428 
f 427 430 429 
f 427 425 430 
f 427 423 425 
f 427 398 423 
f 427 395 398 
f 427 344 395 
f 427 345 344 
f 431 346 432 
f 431 344 346 
f 431 395 344 
f 431 392 395 
f 433 434 435 
f 433 436 434 
f 433 392 431 
f 433 386 392 
f 437 438 439 
f 437 440 438 
f 437 441 440 
f 437 442 441 
f 437 435 442 
f 437 433 435 
f 437 386 433 
f 443 444 445 
f 443 446 444 
f 443 439 446 
f 443 437 439 
f 447 448 449 
f 447 450 448 
f 447 445 450 
f 447 443 445 
f 451 452 453 
f 451 449 452 
f 451 447 449 
f 454 455 456 
f 457 356 352 
f 457 458 356 
f 457 459 458 
f 457 460 459 
f 461 462 463 
f 461 464 462 
f 465 466 467 
f 465 468 466 
f 465 463 468 
f 465 461 463 
f 469 470 471 
f 469 472 470 
f 469 473 472 
f 469 467 473 
f 469 465 467 
f 474 475 476 
f 474 471 475 
f 474 469 471 
f 477 478 479 
f 480 477 474 
f 480 481 482 
f 480 476 481 
f 480 474 476 
f 483 484 485 
f 483 479 484 
f 483 477 479 
f 483 474 477 
f 486 342 340 
f 486 487 342 
f 486 488 487 
f 486 489 488 
f 486 461 465 
f 486 340 461 
f 490 491 492 
f 490 493 491 
f 490 339 493 
f 490 340 339 
f 494 495 496 
f 494 497 495 
f 494 492 497 
f 494 490 492 
f 278 498 318 
f 278 496 498 
f 278 494 496 
f 275 457 352 
f 275 369 383 
f 499 369 275 
f 380 369 499 
f 275 500 501 
f 502 499 275 
f 503 275 501 
f 502 275 503 
f 500 275 504 
f 275 505 506 
f 275 506 504 
f 505 275 507 
f 275 508 509 
f 275 509 507 
f 510 508 275 
f 275 511 512 
f 510 275 513 
f 513 275 512 
f 274 511 275 
f 514 357 350 
f 514 515 357 
f 514 516 515 
f 514 517 516 
f 514 518 517 
f 514 519 518 
f 514 520 519 
f 514 521 520 
f 514 522 521 
f 514 523 522 
f 514 524 523 
f 514 525 524 
f 514 526 525 
f 514 527 526 
f 514 528 527 
f 514 529 528 
f 514 530 529 
f 514 531 530 
f 514 350 414 
f 532 533 534 
f 532 535 533 
f 532 536 535 
f 532 537 536 
f 532 538 537 
f 532 539 538 
f 532 540 539 
f 532 541 540 
f 532 542 541 
f 532 543 542 
f 532 544 543 
f 532 545 544 
f 532 546 545 
f 532 547 546 
f 532 548 547 
f 532 549 548 
f 532 550 549 
f 532 551 550 
f 532 453 552 
f 532 451 453 
f 532 454 451 
f 532 455 454 
f 532 534 455 
f 553 275 391 
f 553 456 554 
f 553 454 456 
f 553 451 454 
f 553 447 451 
f 553 443 447 
f 553 437 443 
f 553 386 437 
f 553 391 386 
f 555 556 460 
f 555 557 556 
f 555 554 557 
f 555 553 554 
f 555 275 553 
f 555 457 275 
f 555 460 457 
f 282 494 278 
f 282 490 494 
f 282 340 490 
f 282 461 340 
f 282 464 461 
f 282 558 464 
f 282 354 558 
f 282 352 354 
f 282 275 352 
f 559 480 482 
f 559 477 480 
f 559 478 477 
f 559 560 478 
f 559 308 560 
f 559 303 308 
f 559 301 303 
f 559 299 301 
f 559 295 299 
f 559 319 295 
f 559 561 319 
f 559 562 561 
f 559 563 562 
f 559 564 563 
f 559 565 564 
f 559 566 565 
f 559 567 566 
f 559 568 567 
f 559 569 568 
f 559 570 569 
f 559 482 570 
f 571 572 489 
f 571 573 572 
f 571 574 573 
f 571 575 574 
f 571 576 575 
f 571 577 576 
f 571 578 577 
f 571 579 578 
f 571 580 579 
f 571 581 582 
f 571 583 581 
f 571 584 583 
f 571 585 584 
f 571 586 585 
f 571 587 586 
f 571 588 587 
f 571 589 588 
f 571 483 485 
f 590 489 486 
f 590 571 489 
f 590 483 571 
f 590 474 483 
f 590 469 474 
f 590 465 469 
f 590 486 465 
f 591 355 356 
f 591 353 355 
f 592 397 396 
f 593 353 591 
f 593 354 353 
f 594 354 593 
f 309 586 587 
f 309 585 586 
f 309 584 585 
f 309 583 584 
f 309 581 583 
f 595 388 387 
f 596 591 597 
f 598 599 600 
f 598 601 599 
f 602 591 356 
f 602 597 591 
f 602 459 597 
f 602 458 459 
f 602 356 458 
f 603 481 476 
f 603 482 481 
f 307 588 589 
f 307 587 588 
f 307 309 587 
f 307 560 308 
f 307 478 560 
f 604 597 459 
f 604 459 460 
f 605 595 387 
f 605 390 595 
f 605 389 390 
f 605 387 389 
f 606 600 596 
f 606 448 450 
f 606 449 448 
f 607 600 606 
f 608 598 600 
f 609 601 598 
f 610 598 608 
f 610 609 598 
f 611 430 425 
f 612 595 613 
f 612 614 615 
f 616 614 612 
f 616 617 614 
f 618 619 612 
f 612 620 621 
f 612 622 618 
f 612 623 622 
f 624 612 621 
f 625 623 612 
f 624 626 612 
f 625 612 627 
f 612 626 627 
f 628 620 612 
f 629 412 408 
f 629 413 412 
f 630 599 631 
f 632 385 362 
f 632 384 385 
f 633 468 463 
f 633 466 468 
f 634 487 488 
f 634 342 487 
f 635 309 313 
f 635 339 341 
f 636 632 362 
f 636 613 637 
f 636 638 613 
f 639 593 591 
f 639 594 593 
f 639 640 594 
f 641 640 639 
f 642 640 641 
f 643 471 470 
f 644 641 639 
f 644 642 641 
f 645 643 642 
f 646 647 648 
f 646 613 638 
f 646 648 613 
f 649 639 591 
f 649 644 639 
f 649 561 562 
f 649 319 561 
f 650 456 455 
f 651 460 650 
f 651 604 460 
f 651 597 604 
f 651 596 597 
f 652 612 613 
f 653 652 613 
f 653 613 648 
f 654 653 648 
f 655 453 452 
f 656 453 655 
f 656 596 651 
f 657 388 595 
f 657 393 388 
f 658 657 595 
f 658 393 657 
f 658 394 393 
f 659 446 439 
f 660 600 607 
f 660 439 438 
f 661 442 435 
f 662 608 600 
f 662 600 660 
f 663 610 608 
f 664 609 610 
f 665 610 663 
f 665 664 610 
f 666 601 667 
f 666 599 601 
f 666 631 599 
f 668 615 669 
f 668 612 615 
f 670 413 629 
f 316 498 313 
f 316 318 498 
f 671 495 497 
f 671 496 495 
f 672 313 498 
f 672 496 671 
f 672 498 496 
f 673 497 492 
f 673 671 497 
f 673 672 671 
f 673 313 672 
f 674 673 492 
f 674 313 673 
f 674 635 313 
f 674 492 491 
f 675 674 491 
f 675 635 674 
f 675 339 635 
f 675 493 339 
f 675 491 493 
f 676 637 383 
f 676 382 637 
f 676 383 382 
f 677 354 594 
f 677 558 354 
f 677 464 558 
f 678 594 640 
f 678 677 594 
f 678 464 677 
f 679 464 678 
f 679 462 464 
f 680 635 341 
f 680 341 342 
f 681 637 382 
f 681 636 637 
f 681 632 636 
f 681 384 632 
f 681 382 384 
f 682 678 640 
f 682 679 678 
f 682 462 679 
f 682 463 462 
f 682 633 463 
f 683 635 680 
f 683 309 635 
f 683 342 634 
f 683 680 342 
f 684 640 642 
f 684 682 640 
f 684 633 682 
f 685 684 642 
f 685 633 684 
f 685 466 633 
f 685 467 466 
f 686 687 309 
f 686 489 687 
f 686 488 489 
f 686 634 488 
f 686 683 634 
f 686 309 683 
f 688 642 473 
f 688 685 642 
f 688 467 685 
f 688 473 467 
f 689 643 470 
f 689 642 643 
f 689 473 642 
f 689 472 473 
f 689 470 472 
f 690 687 489 
f 691 579 580 
f 691 578 579 
f 691 577 578 
f 691 687 690 
f 691 309 687 
f 691 581 309 
f 691 582 581 
f 692 636 362 
f 692 638 636 
f 693 690 489 
f 693 691 690 
f 693 577 691 
f 693 576 577 
f 693 575 576 
f 693 574 575 
f 693 573 574 
f 693 572 573 
f 693 489 572 
f 694 692 362 
f 694 638 692 
f 694 361 695 
f 694 362 361 
f 696 643 645 
f 696 471 643 
f 696 475 471 
f 696 476 475 
f 697 694 695 
f 697 638 694 
f 697 646 638 
f 698 645 570 
f 698 696 645 
f 698 476 696 
f 698 603 476 
f 698 482 603 
f 698 570 482 
f 699 307 485 
f 699 478 307 
f 699 479 478 
f 699 484 479 
f 699 485 484 
f 700 647 646 
f 700 364 647 
f 700 363 364 
f 700 361 363 
f 700 695 361 
f 701 646 697 
f 701 700 646 
f 701 695 700 
f 701 697 695 
f 702 649 562 
f 702 644 649 
f 702 642 644 
f 702 645 642 
f 702 570 645 
f 702 569 570 
f 702 568 569 
f 702 567 568 
f 702 566 567 
f 702 565 566 
f 702 564 565 
f 702 563 564 
f 702 562 563 
f 703 647 366 
f 703 704 647 
f 367 705 366 
f 706 707 648 
f 704 708 647 
f 706 648 647 
f 709 706 647 
f 710 711 648 
f 711 654 648 
f 712 650 460 
f 712 456 650 
f 712 554 456 
f 712 557 554 
f 712 556 557 
f 712 460 556 
f 713 650 455 
f 713 455 534 
f 714 713 534 
f 714 650 713 
f 714 651 650 
f 714 656 651 
f 714 544 545 
f 714 543 544 
f 714 542 543 
f 714 541 542 
f 714 540 541 
f 714 539 540 
f 714 538 539 
f 714 537 538 
f 714 536 537 
f 714 535 536 
f 714 533 535 
f 714 534 533 
f 715 550 551 
f 715 549 550 
f 715 548 549 
f 715 547 548 
f 715 546 547 
f 715 545 546 
f 715 714 545 
f 715 656 714 
f 715 453 656 
f 715 552 453 
f 716 655 452 
f 716 449 606 
f 716 452 449 
f 717 596 656 
f 717 606 596 
f 717 716 606 
f 717 655 716 
f 717 656 655 
f 718 628 612 
f 652 718 612 
f 719 606 450 
f 719 450 445 
f 720 607 606 
f 720 446 659 
f 720 444 446 
f 720 445 444 
f 720 719 445 
f 720 606 719 
f 721 660 607 
f 721 439 660 
f 721 659 439 
f 722 607 720 
f 722 721 607 
f 722 659 721 
f 722 720 659 
f 723 660 438 
f 723 662 660 
f 723 441 662 
f 723 440 441 
f 723 438 440 
f 724 662 441 
f 724 442 661 
f 724 441 442 
f 725 661 435 
f 725 724 661 
f 726 608 662 
f 726 663 608 
f 726 725 663 
f 726 724 725 
f 726 662 724 
f 727 728 435 
f 727 435 434 
f 729 663 725 
f 729 665 663 
f 729 435 728 
f 729 725 435 
f 730 731 664 
f 730 436 731 
f 730 434 436 
f 730 727 434 
f 730 728 727 
f 730 664 665 
f 732 665 729 
f 732 730 665 
f 732 728 730 
f 732 729 728 
f 733 609 664 
f 734 346 343 
f 735 609 733 
f 735 734 609 
f 735 346 734 
f 735 432 346 
f 735 736 432 
f 735 733 736 
f 737 401 397 
f 737 399 401 
f 738 734 343 
f 738 609 734 
f 738 601 609 
f 739 592 658 
f 739 740 741 
f 739 668 740 
f 739 612 668 
f 739 595 612 
f 739 658 595 
f 742 739 741 
f 742 592 739 
f 742 397 592 
f 743 742 741 
f 743 397 742 
f 743 737 397 
f 744 737 743 
f 744 399 737 
f 744 400 399 
f 745 738 343 
f 745 601 738 
f 745 746 601 
f 745 345 746 
f 745 343 345 
f 747 746 345 
f 747 345 428 
f 748 743 741 
f 748 744 743 
f 748 400 744 
f 749 748 741 
f 749 400 748 
f 749 405 400 
f 750 429 430 
f 750 428 429 
f 751 750 667 
f 751 428 750 
f 751 747 428 
f 752 751 667 
f 752 747 751 
f 752 746 747 
f 752 601 746 
f 752 667 601 
f 753 749 741 
f 753 405 749 
f 753 403 405 
f 753 404 403 
f 754 425 424 
f 755 430 611 
f 755 750 430 
f 755 667 750 
f 756 753 741 
f 756 404 753 
f 756 410 404 
f 757 666 667 
f 757 758 666 
f 757 426 758 
f 757 424 426 
f 757 754 424 
f 757 425 754 
f 757 611 425 
f 757 755 611 
f 757 667 755 
f 759 409 410 
f 759 407 409 
f 760 758 426 
f 760 666 758 
f 760 631 666 
f 760 426 422 
f 761 756 741 
f 761 410 756 
f 761 759 410 
f 761 670 629 
f 761 762 670 
f 761 740 762 
f 761 741 740 
f 763 629 408 
f 763 761 629 
f 763 759 761 
f 763 407 759 
f 763 408 407 
f 764 422 421 
f 765 631 760 
f 765 764 631 
f 765 422 764 
f 765 760 422 
f 766 630 631 
f 766 421 418 
f 766 764 421 
f 766 631 764 
f 767 413 670 
f 767 415 413 
f 768 419 347 
f 768 417 419 
f 769 630 766 
f 769 417 768 
f 769 418 417 
f 769 766 418 
f 770 767 670 
f 770 415 767 
f 770 530 531 
f 770 529 530 
f 770 528 529 
f 771 768 347 
f 771 516 517 
f 771 515 516 
f 771 357 515 
f 771 351 357 
f 771 349 351 
f 771 347 349 
f 772 770 670 
f 772 528 770 
f 772 527 528 
f 772 526 527 
f 772 525 526 
f 772 524 525 
f 772 523 524 
f 772 522 523 
f 772 521 522 
f 772 520 521 
f 772 519 520 
f 772 518 519 
f 773 768 771 
f 773 769 768 
f 773 630 769 
f 773 517 630 
f 773 771 517 
f 774 670 762 
f 774 772 670 
f 775 772 774 
f 775 518 772 
f 775 517 518 
f 775 630 517 
f 776 740 668 
f 776 777 740 
f 778 740 777 
f 778 762 740 
f 779 762 778 
f 779 778 780 
f 781 779 780 
f 781 762 779 
f 782 762 781 
f 782 774 762 
f 783 774 782 
f 783 775 774 
f 783 630 775 
f 784 777 776 
f 785 778 777 
f 785 780 778 
f 786 668 669 
f 786 776 668 
f 786 784 776 
f 787 784 786 
f 787 777 784 
f 787 785 777 
f 788 785 787 
f 788 780 785 
f 789 780 788 
f 789 781 780 
f 789 782 781 
f 789 783 782 
f 789 630 783 
f 790 615 789 
f 790 669 615 
f 790 786 669 
f 790 787 786 
f 790 788 787 
f 790 789 788 
f 791 571 582 
f 791 580 571 
f 791 691 580 
f 791 582 691 
f 792 589 571 
f 792 307 589 
f 792 485 307 
f 792 571 485 
f 321 600 599 
f 321 596 600 
f 321 591 596 
f 321 649 591 
f 321 319 649 
f 793 794 795 
f 795 796 797 
f 793 795 798 
f 797 796 799 
f 795 800 798 
f 797 799 801 
f 802 800 795 
f 802 795 803 
f 804 795 797 
f 795 805 803 
f 804 806 795 
f 807 805 795 
f 795 806 808 
f 807 795 808 
f 809 799 614 
f 810 809 614 
f 799 615 614 
f 799 789 615 
f 799 630 789 
f 799 599 630 
f 799 321 599 
f 799 325 321 
f 811 715 551 
f 811 552 715 
f 811 532 552 
f 811 551 532 
f 812 433 431 
f 812 436 433 
f 812 731 436 
f 812 664 731 
f 812 733 664 
f 812 736 733 
f 812 432 736 
f 812 431 432 
f 813 770 531 
f 813 415 770 
f 813 414 415 
f 813 514 414 
f 813 531 514 
f 814 658 592 
f 814 394 658 
f 814 392 394 
f 814 395 392 
f 814 396 395 
f 814 592 396 
f 815 390 391 
f 815 595 390 
f 815 613 595 
f 815 637 613 
f 816 815 391 
f 816 637 815 
f 816 383 637 
f 816 275 383 
f 816 391 275 
f 817 360 366 
f 817 364 360 
f 817 647 364 
f 817 366 647 
f 329 327 325 
f 818 799 796 
f 325 799 818 
f 819 325 818 
f 329 325 819 
f 335 329 819 
f 820 821 822 
f 820 822 823 
f 823 822 824 
f 825 824 822 
f 825 826 824 
f 826 827 824 
f 828 829 830 
f 828 830 831 
f 831 830 832 
f 832 830 833 
f 833 830 834 
f 830 835 836 
f 830 836 834 
f 835 830 837 
f 837 830 838 
f 837 838 839 
f 839 838 840 
f 839 840 841 
f 841 840 842 
f 842 840 843 
f 842 843 844 
f 844 843 845 
f 845 843 821 
f 822 821 843 
f 830 829 846 
f 830 846 847 
f 848 830 847 
f 848 847 849 
f 850 848 849 
f 850 849 851 
f 851 852 850 
f 850 852 853 
f 850 853 854 
f 855 850 854 
f 855 854 856 
f 857 855 856 
f 857 856 858 
f 859 857 858 
f 859 858 858 
f 860 859 858 
f 860 858 861 
f 860 861 861 
f 862 860 861 
f 862 861 863 
f 864 862 863 
f 865 863 866 
f 865 864 863 
f 867 864 868 
f 869 870 871 
f 871 872 873 
f 871 874 872 
f 871 875 876 
f 871 877 875 
f 871 878 877 
f 871 879 878 
f 871 880 879 
f 871 881 880 
f 871 882 881 
f 871 883 882 
f 871 884 883 
f 871 885 884 
f 871 886 885 
f 871 887 886 
f 871 888 887 
f 871 889 888 
f 871 890 889 
f 871 891 890 
f 871 892 891 
f 871 893 892 
f 871 894 893 
f 871 895 894 
f 871 896 895 
f 871 897 896 
f 871 898 897 
f 871 899 898 
f 871 900 899 
f 871 901 900 
f 871 902 901 
f 871 903 902 
f 871 904 903 
f 871 905 904 
f 870 905 871 
f 870 906 905 
f 907 908 909 
f 910 908 907 
f 911 910 907 
f 912 913 914 
f 915 912 914 
f 916 914 917 
f 918 916 917 
f 919 920 914 
f 921 922 923 
f 921 924 922 
f 925 926 927 
f 928 922 926 
f 929 928 926 
f 929 926 925 
f 930 922 928 
f 931 930 928 
f 931 928 929 
f 932 922 930 
f 933 932 930 
f 933 930 931 
f 934 922 932 
f 935 934 932 
f 935 932 933 
f 936 922 934 
f 937 936 934 
f 937 934 935 
f 938 922 936 
f 939 938 936 
f 939 936 937 
f 940 922 938 
f 941 929 925 
f 941 931 929 
f 941 933 931 
f 941 935 933 
f 941 937 935 
f 942 938 939 
f 942 940 938 
f 943 944 945 
f 946 943 945 
f 947 945 944 
f 947 948 945 
f 949 950 951 
f 952 950 949 
f 953 954 955 
f 956 953 955 
f 956 955 957 
f 958 953 956 
f 959 958 956 
f 959 956 957 
f 960 958 959 
f 961 960 959 
f 961 957 950 
f 961 959 957 
f 962 960 961 
f 963 961 950 
f 963 962 961 
f 963 950 952 
f 964 955 954 
f 964 957 955 
f 965 964 954 
f 966 957 964 
f 967 968 969 
f 970 968 967 
f 971 970 972 
f 971 968 970 
f 973 971 972 
f 974 971 973 
f 974 968 971 
f 975 974 973 
f 976 974 975 
f 976 968 974 
f 976 927 968 
f 977 976 975 
f 978 976 977 
f 978 927 976 
f 979 978 977 
f 980 978 979 
f 980 927 978 
f 981 982 941 
f 981 925 927 
f 981 941 925 
f 983 982 981 
f 984 983 981 
f 984 981 927 
f 985 983 984 
f 986 985 984 
f 986 984 927 
f 987 985 986 
f 988 986 927 
f 988 987 986 
f 988 927 980 
f 989 973 972 
f 989 975 973 
f 989 977 975 
f 989 979 977 
f 990 991 989 
f 992 991 990 
f 993 989 972 
f 993 990 989 
f 993 970 967 
f 993 972 970 
f 994 992 990 
f 994 990 993 
f 995 992 994 
f 996 994 993 
f 997 995 994 
f 997 994 996 
f 998 995 997 
f 999 998 997 
f 999 997 996 
f 1000 998 999 
f 1001 999 996 
f 1002 1000 999 
f 1003 1000 1002 
f 1004 1003 1002 
f 1004 1002 965 
f 1005 1003 1004 
f 1006 1007 1008 
f 1009 1007 1006 
f 1010 1009 1006 
f 1011 1012 1013 
f 1014 1015 1016 
f 1017 1018 1019 
f 1020 1021 1022 
f 1023 1024 1025 
f 1023 1026 1024 
f 1027 1028 1029 
f 1030 1027 1029 
f 1031 1027 1030 
f 1032 1031 1030 
f 1033 1029 1028 
f 1034 1035 1036 
f 1034 1037 1035 
f 1038 1039 1040 
f 1041 1038 1040 
f 1042 1038 1041 
f 1043 1044 913 
f 912 1043 913 
f 1044 1045 913 
f 1046 1047 1044 
f 1048 1046 1044 
f 1043 1048 1044 
f 1049 1045 1044 
f 1050 940 942 
f 1051 1052 1053 
f 1054 1053 957 
f 1054 969 1053 
f 1054 967 969 
f 1054 957 966 
f 1055 999 1001 
f 1056 996 993 
f 1056 1001 996 
f 1056 1055 1001 
f 1056 966 1055 
f 1056 1054 966 
f 1056 967 1054 
f 1056 993 967 
f 1057 937 941 
f 1057 939 937 
f 1057 942 939 
f 1057 1050 942 
f 1057 1058 1050 
f 1059 1058 1057 
f 1059 1060 1058 
f 1061 1060 1059 
f 1061 1062 1060 
f 1063 1062 1061 
f 1063 1064 1062 
f 1065 1064 1063 
f 1065 1066 1064 
f 1067 1066 1065 
f 1067 1068 1066 
f 1069 1068 1067 
f 1069 1070 1068 
f 1071 1070 1069 
f 1071 1072 1070 
f 1073 1072 1071 
f 1073 1074 1072 
f 1075 1074 1073 
f 1075 1076 1074 
f 1077 1076 1075 
f 1077 1078 1076 
f 1079 1078 1077 
f 1079 1080 1078 
f 1081 1080 1079 
f 1081 1082 1080 
f 1083 1082 1081 
f 1083 1084 1082 
f 1085 1084 1083 
f 1085 1086 1084 
f 1087 1086 1085 
f 1088 1018 1017 
f 1089 1090 1091 
f 1092 1089 1091 
f 1093 1042 1041 
f 1094 1095 1096 
f 1094 1039 1095 
f 1094 1040 1039 
f 1097 910 1035 
f 1097 1098 1099 
f 1097 1037 1098 
f 1097 1035 1037 
f 1100 1101 1102 
f 1100 1099 1101 
f 1103 1104 1105 
f 1106 1107 1108 
f 1106 1105 1107 
f 1106 1103 1105 
f 1109 1033 1028 
f 1109 1110 1033 
f 1109 1108 1110 
f 1109 1106 1108 
f 1111 1112 1113 
f 1111 1032 1112 
f 1111 1031 1032 
f 1114 1113 1115 
f 1114 1111 1113 
f 1116 1025 1024 
f 1116 1117 1025 
f 1118 1119 1120 
f 1118 1121 1119 
f 1118 1026 1121 
f 1118 1024 1026 
f 1122 1123 1124 
f 1122 1125 1123 
f 1122 1120 1125 
f 1122 1118 1120 
f 1126 1022 1017 
f 1126 1017 1019 
f 1127 1022 1126 
f 1127 1020 1022 
f 1127 1128 1020 
f 1127 1124 1128 
f 1127 1122 1124 
f 1129 1130 1131 
f 1129 1132 1130 
f 1133 1134 1135 
f 1133 1136 1134 
f 1133 1131 1136 
f 1133 1129 1131 
f 1137 1014 1016 
f 1137 1138 1014 
f 1137 1135 1138 
f 1137 1133 1135 
f 1139 1140 1141 
f 1139 1015 1140 
f 1139 1016 1015 
f 1142 1143 1144 
f 1142 1141 1143 
f 1142 1139 1141 
f 1145 1011 1013 
f 1145 1144 1011 
f 1145 1142 1144 
f 1146 1012 1147 
f 1146 1013 1012 
f 1148 1149 1150 
f 1148 1151 1149 
f 1148 1152 1151 
f 1148 1147 1152 
f 1148 1146 1147 
f 1153 1154 1155 
f 1153 1156 1154 
f 1153 1150 1156 
f 1153 1148 1150 
f 1157 1007 1009 
f 1157 1158 1159 
f 1157 1155 1158 
f 1157 1153 1155 
f 1160 1161 1162 
f 1160 1159 1161 
f 1160 1157 1159 
f 1160 1007 1157 
f 1163 1162 1164 
f 1163 1160 1162 
f 1165 1166 1167 
f 1165 1168 1166 
f 1169 1170 1008 
f 1169 1167 1170 
f 1169 1165 1167 
f 1169 1163 1165 
f 1169 1160 1163 
f 1169 1007 1160 
f 1169 1008 1007 
f 1171 1157 1009 
f 1171 1153 1157 
f 1172 1173 1174 
f 1175 960 962 
f 1175 958 960 
f 1175 953 958 
f 1175 954 953 
f 1175 1172 1174 
f 1176 954 1175 
f 1177 1004 965 
f 1177 1005 1004 
f 1177 1176 1005 
f 1177 954 1176 
f 1177 965 954 
f 1178 985 987 
f 1178 983 985 
f 1178 982 983 
f 1179 988 980 
f 1179 987 988 
f 1179 1178 987 
f 1179 989 1178 
f 1179 979 989 
f 1179 980 979 
f 1180 966 964 
f 1180 1055 966 
f 1180 999 1055 
f 1180 1002 999 
f 1180 965 1002 
f 1180 964 965 
f 1181 963 952 
f 1181 962 963 
f 1181 1175 962 
f 1181 1172 1175 
f 1182 952 949 
f 1182 1181 952 
f 1182 1172 1181 
f 1183 1184 947 
f 1183 1172 1182 
f 1183 1173 1172 
f 1185 947 944 
f 1185 1183 947 
f 1185 1173 1183 
f 1185 1186 1173 
f 1187 1153 1171 
f 1187 1188 1189 
f 1187 946 1188 
f 1187 943 946 
f 1190 1142 1145 
f 1191 1192 1193 
f 1191 948 1192 
f 1191 1133 1137 
f 1191 1129 1133 
f 1194 1053 917 
f 1194 957 1053 
f 1194 950 957 
f 1194 951 950 
f 1194 1193 951 
f 1194 1191 1193 
f 1194 1129 1191 
f 924 1195 922 
f 924 1196 1195 
f 1197 922 1195 
f 1197 926 922 
f 1197 927 926 
f 1197 968 927 
f 1197 969 968 
f 1197 1053 969 
f 1198 1051 1053 
f 1199 1197 1195 
f 1200 1199 1195 
f 1198 1053 1197 
f 1199 1198 1197 
f 1201 918 917 
f 1052 1202 1053 
f 1202 917 1053 
f 1202 1201 917 
f 1203 1204 1205 
f 1203 914 1204 
f 1203 917 914 
f 1203 1194 917 
f 1206 1207 1208 
f 1206 1209 1207 
f 1206 1210 1209 
f 1206 1205 1210 
f 1206 1203 1205 
f 1206 1194 1203 
f 1211 1212 1213 
f 1211 1214 1212 
f 1211 1208 1214 
f 1211 1206 1208 
f 1215 1216 1217 
f 1215 1213 1216 
f 1215 1211 1213 
f 1215 1024 1118 
f 1218 1219 1220 
f 1218 1221 1219 
f 1218 1109 1028 
f 1222 1223 1224 
f 1222 1225 1223 
f 1222 911 1225 
f 1222 910 911 
f 1222 1035 910 
f 1226 1227 1228 
f 1226 1224 1227 
f 1226 1222 1224 
f 1047 1229 1044 
f 1047 1230 1229 
f 1229 1049 1044 
f 1229 1231 1049 
f 1229 1228 1231 
f 1229 1226 1228 
f 1232 1233 1234 
f 1232 1235 1233 
f 1236 1232 1234 
f 1235 1237 1233 
f 1237 1238 1233 
f 1237 1239 1238 
f 1239 1240 1238 
f 1240 1241 1238 
f 1240 1242 1241 
f 1242 1243 1241 
f 1243 1244 1241 
f 1243 1245 1244 
f 1245 1246 1244 
f 1246 1247 1244 
f 1246 1248 1247 
f 1248 1249 1247 
f 1249 1250 1247 
f 1249 1251 1250 
f 1251 1252 1250 
f 1252 1253 1250 
f 1252 1254 1253 
f 1254 1255 1253 
f 1255 1256 1253 
f 1255 1257 1256 
f 1257 1258 1256 
f 1258 1259 1256 
f 1258 1260 1259 
f 1260 1261 1259 
f 1261 1262 1259 
f 1261 1263 1262 
f 1263 1264 1262 
f 1264 1265 1262 
f 1264 1266 1265 
f 1266 1267 1265 
f 1268 1269 1265 
f 1267 1268 1265 
f 1268 1270 1269 
f 1271 1272 1269 
f 1270 1271 1269 
f 1271 1273 1272 
f 1274 1275 1272 
f 1273 1274 1272 
f 1274 1276 1275 
f 1277 1091 1275 
f 1276 1277 1275 
f 1277 1278 1091 
f 1278 1279 1091 
f 1091 1279 1092 
f 1092 1279 1280 
f 1281 1280 1282 
f 1280 1279 1283 
f 1284 1280 1283 
f 1282 1280 1285 
f 1284 1286 1280 
f 1280 1287 1285 
f 1280 1286 1288 
f 1289 1287 1280 
f 1290 1280 1288 
f 1289 1280 1291 
f 1290 1292 1280 
f 1280 1293 1291 
f 1280 1292 1294 
f 1295 1293 1280 
f 1296 1280 1294 
f 1295 1280 1297 
f 1296 1298 1280 
f 1280 1298 1297 
f 1299 1300 1300 
f 1299 1300 1301 
f 1299 1301 1302 
f 1299 1302 1165 
f 1299 1165 1163 
f 1299 1163 1303 
f 1299 1303 1300 
f 1304 921 923 
f 1305 923 1306 
f 1307 1305 1306 
f 1307 1306 1308 
f 1306 1309 1310 
f 1308 1306 1311 
f 1306 1310 1311 
f 857 859 1010 
f 857 1010 1006 
f 857 1006 1008 
f 857 1008 1312 
f 857 1312 1313 
f 857 1313 1314 
f 857 1314 855 
f 1312 1008 1170 
f 1312 1170 1313 
f 1314 1315 855 
f 1314 1313 1315 
f 1316 1167 1166 
f 1316 1166 1315 
f 1316 1315 1313 
f 1316 1313 1167 
f 1315 1166 1168 
f 1315 1168 1317 
f 1315 1317 1318 
f 1315 1318 1319 
f 1315 1319 1320 
f 1315 1320 1321 
f 1315 1321 1322 
f 1315 1322 1323 
f 1315 1323 1324 
f 1315 1324 1325 
f 1315 1325 855 
f 1326 1162 1161 
f 1326 1161 1159 
f 1326 1159 1327 
f 1326 1327 1328 
f 1326 1328 1329 
f 1326 1329 1162 
f 1330 1155 1154 
f 1330 1154 1331 
f 1330 1331 1332 
f 1330 1332 1333 
f 1330 1333 1155 
f 1331 1154 1334 
f 1331 1334 1335 
f 1331 1335 1332 
f 1336 1096 1337 
f 1336 1094 1096 
f 1230 1336 1229 
f 1230 1338 1336 
f 1336 1226 1229 
f 1336 1222 1226 
f 1336 1035 1222 
f 1336 1036 1035 
f 1336 1339 1036 
f 1340 1099 1100 
f 1341 1192 948 
f 1341 948 947 
f 1341 947 1184 
f 1341 1184 1193 
f 1341 1193 1192 
f 1342 1150 1343 
f 1342 1343 1335 
f 1342 1335 1334 
f 1342 1334 1150 
f 1335 1343 1344 
f 1335 1344 1332 
f 1345 1150 1149 
f 1345 1149 1346 
f 1345 1346 1347 
f 1345 1347 1343 
f 1345 1343 1150 
f 1348 1349 1189 
f 1348 1189 1350 
f 1348 1350 1349 
f 1346 1149 1151 
f 1346 1151 1152 
f 1346 1152 1351 
f 1346 1351 1347 
f 1340 1097 1099 
f 1340 910 1097 
f 1340 908 910 
f 1340 1103 1106 
f 1340 1100 1103 
f 1352 1353 1354 
f 1352 1355 1353 
f 1352 1356 1355 
f 1350 1189 1357 
f 1350 1357 1358 
f 1350 1358 1359 
f 1350 1359 1360 
f 1350 1360 1361 
f 1350 1361 1349 
f 1359 1358 1360 
f 1352 1362 1356 
f 1352 1363 1364 
f 1352 1365 1363 
f 1352 1366 1365 
f 1352 1367 1366 
f 1352 1368 1367 
f 1352 1369 1368 
f 1352 1370 1369 
f 1352 1371 1370 
f 1372 1143 1141 
f 1372 1141 1373 
f 1372 1373 1374 
f 1372 1374 1144 
f 1372 1144 1143 
f 1374 1011 1144 
f 1374 1373 1375 
f 1374 1375 1011 
f 1375 1373 1376 
f 1375 1376 1377 
f 1375 1377 1378 
f 1375 1378 1011 
f 1378 1012 1011 
f 1378 1377 1379 
f 1378 1379 1012 
f 1379 1377 1380 
f 1379 1380 1381 
f 1379 1381 1382 
f 1379 1382 1347 
f 1379 1347 1351 
f 1379 1351 1012 
f 1373 1141 1140 
f 1373 1140 1015 
f 1373 1015 1014 
f 1373 1014 1376 
f 1352 1383 1371 
f 1352 1384 1383 
f 1352 1385 1384 
f 1352 1102 1385 
f 1386 1135 1134 
f 1386 1134 1387 
f 1386 1387 1388 
f 1386 1388 1135 
f 1388 1014 1138 
f 1388 1138 1135 
f 1388 1387 1131 
f 1388 1131 1389 
f 1388 1389 1014 
f 1389 1131 1390 
f 1389 1390 1376 
f 1389 1376 1014 
f 1376 1390 1377 
f 1377 1390 1391 
f 1377 1391 1380 
f 1380 1391 848 
f 1380 848 1381 
f 1381 848 1382 
f 1352 1100 1102 
f 1352 1103 1100 
f 1352 1104 1103 
f 1352 1392 1104 
f 1387 1134 1136 
f 1387 1136 1131 
f 843 1090 822 
f 1352 1354 1392 
f 1393 1088 1017 
f 1393 1394 1088 
f 1393 1395 1394 
f 843 840 1090 
f 840 838 1090 
f 1393 1396 1395 
f 1393 1397 1396 
f 838 830 1398 
f 838 1398 1091 
f 838 1091 1090 
f 1393 1399 1397 
f 1398 830 1400 
f 1398 1400 1401 
f 1398 1401 1402 
f 1398 1402 1091 
f 1401 1400 1403 
f 1401 1403 1042 
f 1401 1042 1093 
f 1401 1093 1402 
f 1404 1339 1336 
f 1404 1336 1337 
f 1404 1337 1339 
f 1405 1131 1130 
f 1405 1130 1132 
f 1405 1132 1406 
f 1405 1406 1131 
f 1407 1132 1408 
f 1407 1408 1409 
f 1407 1409 1406 
f 1407 1406 1132 
f 1409 1408 1410 
f 1409 1410 1019 
f 1409 1019 1411 
f 1409 1411 1406 
f 1412 1205 1204 
f 1412 1204 914 
f 1412 914 913 
f 1412 913 1413 
f 1412 1413 1205 
f 1414 1415 1416 
f 1414 1416 1417 
f 1414 1417 1418 
f 1414 1418 1419 
f 1414 1419 1420 
f 1414 1420 1421 
f 1414 1421 1422 
f 1414 1422 1423 
f 1414 1423 1424 
f 1414 1424 1021 
f 1414 1021 1425 
f 1414 1425 1426 
f 1414 1426 1415 
f 1427 1413 1428 
f 1427 1428 1210 
f 1427 1210 1205 
f 1427 1205 1413 
f 1428 1207 1209 
f 1428 1209 1210 
f 1428 1413 1207 
f 1429 1364 1430 
f 1429 1430 1362 
f 1429 1362 1352 
f 1429 1352 1364 
f 1431 1020 1128 
f 1431 1128 1124 
f 1431 1124 1432 
f 1431 1432 1425 
f 1431 1425 1020 
f 1426 1425 1432 
f 1426 1432 1433 
f 1426 1433 1390 
f 1426 1390 1131 
f 1426 1131 1406 
f 1426 1406 1434 
f 1426 1434 1435 
f 1426 1435 1415 
f 1432 1124 1123 
f 1432 1123 1436 
f 1432 1436 1433 
f 1390 1433 1437 
f 1390 1437 1438 
f 1390 1438 1391 
f 1439 1214 1208 
f 1439 1208 1440 
f 1439 1440 1214 
f 1441 1114 1115 
f 1441 1115 1442 
f 1441 1442 1443 
f 1441 1443 1117 
f 1441 1117 1116 
f 1441 1116 1114 
f 1424 1393 1022 
f 1424 1022 1021 
f 1424 1423 1393 
f 1444 1120 1445 
f 1444 1445 1437 
f 1444 1437 1433 
f 1444 1433 1436 
f 1444 1436 1120 
f 1446 1213 1212 
f 1446 1212 1214 
f 1446 1214 1440 
f 1446 1440 1447 
f 1446 1447 1213 
f 1445 1120 1119 
f 1445 1119 1121 
f 1445 1121 1448 
f 1445 1448 1449 
f 1445 1449 1437 
f 1437 1449 1450 
f 1437 1450 1438 
f 1416 1415 1393 
f 1416 1393 1417 
f 1451 1049 1231 
f 1451 1231 1228 
f 1451 1228 1447 
f 1451 1447 1452 
f 1451 1452 1413 
f 1451 1413 1049 
f 1452 1447 1440 
f 1452 1440 1208 
f 1452 1208 1207 
f 1452 1207 1413 
f 1453 1121 1026 
f 1453 1026 1454 
f 1453 1454 1455 
f 1453 1455 1456 
f 1453 1456 1448 
f 1453 1448 1121 
f 1448 1456 1449 
f 1449 1456 1450 
f 1447 1228 1457 
f 1447 1457 1213 
f 1456 1455 1458 
f 1456 1458 1450 
f 1450 1458 1459 
f 1450 1459 1438 
f 1454 1026 1460 
f 1454 1460 1455 
f 1410 1126 1019 
f 1410 1408 1461 
f 1410 1461 1126 
f 1455 1460 1458 
f 1303 1163 1164 
f 1303 1164 1329 
f 1303 1329 1300 
f 1458 1460 1462 
f 1458 1462 1463 
f 1458 1463 1459 
f 1459 1463 1438 
f 1438 1463 1464 
f 1438 1464 1391 
f 1463 1462 1464 
f 1443 1025 1117 
f 1443 1442 1460 
f 1443 1460 1025 
f 1460 1026 1023 
f 1460 1023 1025 
f 1460 1442 1465 
f 1460 1465 1466 
f 1460 1466 1462 
f 1462 1466 1464 
f 1464 1466 1465 
f 1464 1465 1391 
f 1325 1467 855 
f 1325 1324 1302 
f 1325 1302 1467 
f 1468 1224 1223 
f 1468 1223 1225 
f 1468 1225 1469 
f 1468 1469 1470 
f 1468 1470 1224 
f 1442 1471 1465 
f 1442 1115 1113 
f 1442 1113 1472 
f 1442 1472 1471 
f 1472 1113 1112 
f 1472 1112 1032 
f 1472 1032 1473 
f 1472 1473 1471 
f 1474 907 909 
f 1474 909 1475 
f 1474 1475 1220 
f 1474 1220 1476 
f 1474 1476 1477 
f 1474 1477 1478 
f 1474 1478 907 
f 1476 1220 1219 
f 1476 1219 1221 
f 1476 1221 1477 
f 859 860 1479 
f 859 1479 1010 
f 1465 1471 1480 
f 1465 1480 1391 
f 1475 909 1481 
f 1475 1481 1220 
f 1480 1471 1403 
f 1480 1403 1400 
f 1480 1400 1391 
f 1482 1033 1110 
f 1482 1110 1108 
f 1482 1108 1483 
f 1482 1483 1484 
f 1482 1484 1033 
f 1484 1029 1033 
f 1484 1483 1485 
f 1484 1485 1486 
f 1484 1486 1029 
f 1486 1485 1473 
f 1486 1473 1029 
f 1473 1032 1030 
f 1473 1030 1029 
f 1473 1485 1038 
f 1473 1038 1042 
f 1473 1042 1471 
f 1471 1042 1403 
f 1400 830 1391 
f 1483 1108 1107 
f 1483 1107 1487 
f 1483 1487 1485 
f 1488 1489 1174 
f 1488 1174 1173 
f 1488 1173 1186 
f 1488 1186 1490 
f 1488 1490 1171 
f 1488 1171 1489 
f 1491 1174 1489 
f 1491 1489 1492 
f 1491 1492 1493 
f 1491 1493 1494 
f 1491 1494 1495 
f 1491 1495 1496 
f 1497 1491 1496 
f 1005 1491 1497 
f 1498 1005 1497 
f 1491 1005 1176 
f 1491 1176 1175 
f 1491 1175 1174 
f 1499 989 991 
f 1500 991 1501 
f 1500 1499 991 
f 1502 1503 1499 
f 1504 1502 1499 
f 1503 1505 1499 
f 1506 1504 1499 
f 1507 1506 1499 
f 1507 1499 1508 
f 1505 1509 1499 
f 1499 1509 1510 
f 1499 1510 1178 
f 1499 1178 989 
f 1511 1099 1098 
f 1511 1098 1512 
f 1511 1512 1513 
f 1511 1513 1514 
f 1511 1514 1515 
f 1511 1515 1099 
f 1514 1485 1430 
f 1514 1430 1385 
f 1514 1385 1102 
f 1514 1102 1515 
f 1514 1513 1485 
f 1430 1485 1356 
f 1430 1356 1362 
f 1430 1364 1363 
f 1430 1363 1365 
f 1430 1365 1366 
f 1430 1366 1367 
f 1430 1367 1368 
f 1430 1368 1369 
f 1430 1369 1370 
f 1430 1370 1371 
f 1430 1371 1383 
f 1430 1383 1384 
f 1430 1384 1385 
f 1516 1182 949 
f 1516 949 951 
f 1516 951 1193 
f 1516 1193 1184 
f 1516 1184 1183 
f 1516 1183 1182 
f 1361 1360 1190 
f 1361 1190 1517 
f 1361 1517 1349 
f 1358 946 945 
f 1358 945 948 
f 1358 948 1518 
f 1358 1518 1190 
f 1358 1190 1360 
f 1358 1357 946 
f 1393 1519 1399 
f 1393 1520 1519 
f 1393 1434 1520 
f 1393 1435 1434 
f 1393 1415 1435 
f 1393 1418 1417 
f 1393 1419 1418 
f 1393 1420 1419 
f 1393 1421 1420 
f 1393 1422 1421 
f 1393 1423 1422 
f 1393 1017 1022 
f 1461 1127 1126 
f 1461 1122 1127 
f 1461 1118 1122 
f 1461 1215 1118 
f 1461 1211 1215 
f 1461 1206 1211 
f 1461 1194 1206 
f 1461 1129 1194 
f 1461 1132 1129 
f 1461 1408 1132 
f 1302 1521 1467 
f 1522 1200 1195 
f 1523 1524 1195 
f 1302 1525 1521 
f 1302 1526 1525 
f 1302 1527 1526 
f 1302 1528 1527 
f 1302 1529 1528 
f 1302 1530 1529 
f 1302 1301 1530 
f 1302 1168 1165 
f 1302 1317 1168 
f 1302 1318 1317 
f 1302 1319 1318 
f 1302 1320 1319 
f 1302 1321 1320 
f 1302 1322 1321 
f 1302 1323 1322 
f 1302 1324 1323 
f 1479 1494 1493 
f 1479 1495 1494 
f 1479 1531 1495 
f 1479 1532 1531 
f 1479 1533 1532 
f 1479 1534 1533 
f 1479 1535 1534 
f 1479 1536 1535 
f 1479 1537 1536 
f 1479 1538 1537 
f 1479 1539 1538 
f 1479 1540 1539 
f 1479 864 1540 
f 1479 862 864 
f 1479 860 862 
f 1479 1009 1010 
f 1479 1171 1009 
f 1479 1489 1171 
f 1541 1215 1217 
f 1541 1217 1477 
f 1541 1477 1221 
f 1541 1221 1218 
f 1541 1218 1542 
f 1541 1542 1215 
f 1481 909 1543 
f 1481 1543 1220 
f 1479 1492 1489 
f 1479 1493 1492 
f 1490 1187 1171 
f 1490 943 1187 
f 1490 944 943 
f 1490 1185 944 
f 1490 1186 1185 
f 1510 1544 1545 
f 1510 1546 1544 
f 1510 1509 1546 
f 1510 1547 1548 
f 1510 1549 1547 
f 1510 1550 1549 
f 1510 1551 1550 
f 1510 1552 1551 
f 1510 1553 1552 
f 1510 1554 1553 
f 1510 1555 1554 
f 1510 1556 1555 
f 1510 1557 1556 
f 1510 1558 1557 
f 1510 1559 1558 
f 1510 1560 1559 
f 1510 1561 1560 
f 1510 1545 1561 
f 1562 1067 1065 
f 1562 1069 1067 
f 1562 1071 1069 
f 1562 1073 1071 
f 1562 1075 1073 
f 1562 1077 1075 
f 1562 1079 1077 
f 1562 1081 1079 
f 1562 1083 1081 
f 1562 1085 1083 
f 1562 1087 1085 
f 1562 1563 1087 
f 1562 1564 1563 
f 1562 1548 1564 
f 1562 1510 1548 
f 1562 1178 1510 
f 1562 982 1178 
f 1562 941 982 
f 1562 1057 941 
f 1562 1059 1057 
f 1562 1061 1059 
f 1562 1063 1061 
f 1562 1065 1063 
f 1517 1190 1145 
f 1517 1189 1349 
f 1517 1187 1189 
f 1517 1153 1187 
f 1517 1148 1153 
f 1517 1146 1148 
f 1517 1013 1146 
f 1517 1145 1013 
f 1518 1191 1137 
f 1518 948 1191 
f 1518 1142 1190 
f 1518 1139 1142 
f 1518 1016 1139 
f 1518 1137 1016 
f 1565 1078 1080 
f 1565 1076 1078 
f 1565 1074 1076 
f 1565 1072 1074 
f 1565 1070 1072 
f 1565 1068 1070 
f 1565 1066 1068 
f 1565 1064 1066 
f 1565 1062 1064 
f 1565 1060 1062 
f 1565 1058 1060 
f 1565 1050 1058 
f 1565 940 1050 
f 1565 922 940 
f 1565 923 922 
f 1565 1306 923 
f 1565 1566 1306 
f 1565 1567 1566 
f 1565 1086 1567 
f 1565 1084 1086 
f 1565 1082 1084 
f 1565 1080 1082 
f 1542 1218 1028 
f 1542 1024 1215 
f 1542 1116 1024 
f 1542 1114 1116 
f 1542 1111 1114 
f 1542 1031 1111 
f 1542 1027 1031 
f 1542 1028 1027 
f 1543 1340 1106 
f 1543 908 1340 
f 1543 909 908 
f 1543 1218 1220 
f 1543 1109 1218 
f 1543 1106 1109 
f 1313 1170 1167 
f 1329 1328 1300 
f 1329 1300 1300 
f 1329 1164 1162 
f 1328 1382 855 
f 1328 855 1529 
f 1328 1529 1530 
f 1328 1530 1301 
f 1328 1301 1300 
f 1328 1327 1568 
f 1328 1568 1382 
f 1333 1159 1158 
f 1333 1158 1155 
f 1333 1332 1327 
f 1333 1327 1159 
f 1332 1344 1569 
f 1332 1569 1327 
f 1357 1189 1188 
f 1357 1188 946 
f 1343 1347 1344 
f 1344 1347 1569 
f 1569 1347 1382 
f 1569 1382 1568 
f 1569 1568 1327 
f 1351 1152 1147 
f 1351 1147 1012 
f 1411 1019 1018 
f 1411 1018 1088 
f 1411 1088 1394 
f 1411 1394 1395 
f 1411 1395 1396 
f 1411 1396 1406 
f 1413 913 1045 
f 1413 1045 1049 
f 1436 1123 1125 
f 1436 1125 1120 
f 1570 1217 1216 
f 1570 1216 1213 
f 1570 1213 1470 
f 1570 1470 1469 
f 1570 1469 911 
f 1570 911 1217 
f 1469 1225 911 
f 1477 1217 1478 
f 1512 1098 1037 
f 1512 1037 1513 
f 1515 1102 1101 
f 1515 1101 1099 
f 1487 1107 1105 
f 1487 1105 1104 
f 1487 1104 1485 
f 1571 1036 1339 
f 1571 1339 1572 
f 1571 1572 1573 
f 1571 1573 1513 
f 1571 1513 1036 
f 1572 1339 1337 
f 1572 1337 1096 
f 1572 1096 1573 
f 1495 1531 1574 
f 1496 1495 1574 
f 1531 1532 1575 
f 1576 1531 1575 
f 1532 1533 1577 
f 1578 1532 1577 
f 1533 1534 1579 
f 1577 1533 1579 
f 1534 1535 1580 
f 1581 1534 1580 
f 1535 1536 1582 
f 1580 1535 1582 
f 1536 1537 1583 
f 1584 1536 1583 
f 1537 1538 1585 
f 1586 1537 1585 
f 1538 1539 1587 
f 1539 1540 1588 
f 1589 1539 1588 
f 1540 864 1590 
f 1591 1540 1590 
f 991 992 1592 
f 1501 991 1592 
f 992 995 1593 
f 1592 992 1593 
f 995 998 1594 
f 1593 995 1594 
f 998 1000 1595 
f 1594 998 1595 
f 1000 1003 1596 
f 1597 1000 1596 
f 1003 1005 1498 
f 1596 1003 1498 
f 1309 1306 1566 
f 1566 1598 1599 
f 1309 1566 1600 
f 1600 1566 1599 
f 1598 1566 1567 
f 1567 1601 1602 
f 1603 1598 1567 
f 1603 1567 1602 
f 1601 1567 1086 
f 1086 1604 1605 
f 1601 1086 1606 
f 1606 1086 1605 
f 1604 1086 1087 
f 1087 1607 1608 
f 1604 1087 1609 
f 1609 1087 1608 
f 1563 1610 1087 
f 1564 1611 1563 
f 1548 1612 1564 
f 1547 1613 1548 
f 1614 1548 1615 
f 1548 1613 1616 
f 1548 1616 1615 
f 1549 1617 1547 
f 1550 1618 1549 
f 1551 1619 1550 
f 1552 1620 1551 
f 1553 1621 1552 
f 1622 1623 1553 
f 1624 1622 1553 
f 1623 1621 1553 
f 1625 1624 1553 
f 1626 1625 1553 
f 1627 1553 1628 
f 1629 1626 1553 
f 1630 1629 1553 
f 1627 1631 1553 
f 1632 1630 1553 
f 1631 1633 1553 
f 1633 1632 1553 
f 1334 1154 1156 
f 1334 1156 1150 
f 1406 1396 1397 
f 1406 1397 1399 
f 1406 1399 1519 
f 1406 1519 1520 
f 1406 1520 1434 
f 1457 1228 1227 
f 1457 1227 1224 
f 1457 1224 1470 
f 1457 1470 1213 
f 1478 1217 911 
f 1478 911 907 
f 1513 1037 1034 
f 1513 1034 1036 
f 1513 1573 1485 
f 1573 1096 1485 
f 1634 874 871 
f 1634 871 876 
f 1634 876 1635 
f 1634 1635 1636 
f 1634 1636 874 
f 1628 1553 1554 
f 1637 1554 1555 
f 1638 1555 1556 
f 1639 1640 1557 
f 1641 1639 1557 
f 1640 1642 1557 
f 1642 1556 1557 
f 1641 1557 1558 
f 1643 1558 1559 
f 1644 1559 1560 
f 1645 1646 1561 
f 1647 1645 1561 
f 1646 1648 1561 
f 1648 1560 1561 
f 1649 1561 1545 
f 1650 1545 1544 
f 1651 1544 1546 
f 1652 1546 1509 
f 1425 1021 1020 
f 1485 1039 1038 
f 1485 1104 1392 
f 1485 1392 1354 
f 1485 1354 1353 
f 1485 1353 1355 
f 1485 1355 1356 
f 1485 1096 1653 
f 1485 1653 1039 
f 1653 1096 1095 
f 1653 1095 1039 
f 1382 850 855 
f 1382 848 850 
f 1391 830 848 
f 855 1467 1521 
f 855 1521 1525 
f 855 1525 1526 
f 855 1526 1527 
f 855 1527 1528 
f 855 1528 1529 
f 1089 1654 1090 
f 1234 904 905 
f 1655 1234 905 
f 906 1655 905 
f 1655 1236 1234 
f 1234 1233 904 
f 1233 1238 903 
f 1233 903 904 
f 1238 1241 903 
f 1241 1244 901 
f 1241 901 902 
f 1241 902 903 
f 1244 1247 900 
f 1244 900 901 
f 1247 1250 900 
f 1250 1253 899 
f 1250 899 900 
f 1253 1256 897 
f 1253 897 898 
f 1253 898 899 
f 1256 1259 897 
f 1259 1262 895 
f 1259 895 896 
f 1259 896 897 
f 1262 1265 894 
f 1262 894 895 
f 1265 1269 893 
f 1265 893 894 
f 1269 1272 892 
f 1269 892 893 
f 1272 1275 892 
f 1275 1091 1656 
f 1275 1656 891 
f 1275 891 892 
f 1656 1091 1402 
f 1656 1402 1657 
f 1656 1657 890 
f 1656 890 891 
f 1657 1402 1658 
f 1657 1658 889 
f 1657 889 890 
f 1658 1402 1659 
f 1658 1659 887 
f 1658 887 888 
f 1658 888 889 
f 1659 1402 1660 
f 1659 1660 887 
f 1660 1402 1661 
f 1660 1661 885 
f 1660 885 886 
f 1660 886 887 
f 1661 1402 1662 
f 1661 1662 884 
f 1661 884 885 
f 1662 1402 1093 
f 1662 1093 1663 
f 1662 1663 884 
f 1663 1093 1664 
f 1663 1664 883 
f 1663 883 884 
f 1664 1093 1665 
f 1664 1665 881 
f 1664 881 882 
f 1664 882 883 
f 1665 1093 1666 
f 1665 1666 880 
f 1665 880 881 
f 1666 1093 1667 
f 1666 1667 879 
f 1666 879 880 
f 1667 1093 1041 
f 1667 1041 1668 
f 1667 1668 878 
f 1667 878 879 
f 1668 1041 1669 
f 1668 1669 878 
f 1669 1041 1040 
f 1669 1040 1670 
f 1669 1670 877 
f 1669 877 878 
f 1670 1040 1671 
f 1670 1671 875 
f 1670 875 877 
f 1671 1040 1094 
f 1671 1094 1635 
f 1671 1635 876 
f 1671 876 875 
f 1635 1094 1636 
f 1636 1094 1672 
f 1636 1672 872 
f 1636 872 874 
f 1672 1094 1336 
f 1672 1336 1673 
f 1672 1673 873 
f 1672 873 872 
f 1673 1336 1674 
f 1673 1674 871 
f 1673 871 873 
f 1675 1676 1674 
f 869 871 1674 
f 1676 869 1674 
f 1338 1674 1336 
f 1338 1675 1674 
f 1677 825 822 
f 1678 1679 822 
f 1680 1681 1090 
f 1682 1683 822 
f 1682 822 1090 
f 1681 1682 1090 
# Total Number of Elements in file: 3074
# EOF
